Roux Jodoin, Kasterleesteenweg,215,7120,Vellereille-le-Sec,0485 36 61 21,13/5/1986,RouxJodoin@jourrapide.com,Lextre,AhM0rohvahT,50.342935, 4.14196
Capucine Quirion, Maskenstraat,17,8300,Knokke,0483 24 97 83,15/2/1966,CapucineQuirion@dayrep.com,Trater,eiGhee1Sh,51.348185, 3.218696
Noémi Desroches, Courtensdreef,55,3191,Hever,0498 62 59 46,16/1/1978,NoemiDesroches@rhyta.com,Handep,xo0Ruray,51.020416, 4.452527
Magnolia Deschamps, Ringlaan,372,8380,Dudzele,0488 92 98 21,6/2/1996,MagnoliaDeschamps@rhyta.com,Noce1996,Ufai3yai,51.210096, 3.268876
Nicolette Frappier, Rue de la Rulles,404,6870,Saint-Hubert,0497 16 73 62,1/5/1975,NicoletteFrappier@dayrep.com,Sublarton,AhGhoht6vei,50.179559, 5.396289
Fleur Boulé, Avenue Huart Hamoir,235,1501,Buizingen,0488 98 74 70,17/9/1983,FleurBoule@rhyta.com,Spoess,reiLecoh1k,50.66624, 4.157647
Marie Tardif, Jagerij,454,2328,Meerle,0473 55 03 91,19/1/2002,MarieTardif@rhyta.com,Havere02,PaiWai3zai,51.416994, 4.817613
Amorette Lécuyer, Poolse Winglaan,315,8200,Sint-Michiels,0477 98 24 96,16/11/1999,AmoretteLecuyer@jourrapide.com,Houldid,Ii2Aikie9,51.192321, 3.203778
Agate Paiement, Rue du Moulin,403,7170,Fayt-lez-Manage,0473 35 05 00,25/4/1981,AgatePaiement@armyspy.com,Evies1981,fai4eeCh,50.511024, 4.158338
Jeanette Rossignol, Rue du Moulin,30,7120,Fauroeulx,0485 87 99 09,9/11/1959,JeanetteRossignol@rhyta.com,Evor1959,oDe0Wa3ae,50.306739, 4.071785
Musette Lagacé, Taille Maréchal,373,5500,Furfooz,0481 34 56 02,13/9/1985,MusetteLagace@teleworm.us,Sombled,nohyei6Ee,50.195887, 4.889197
Aceline Langlais, Booischotseweg,364,5600,Jamiolle,0479 48 80 28,18/11/1983,AcelineLanglais@teleworm.us,Anstely,RorahWaGh7,50.261732, 4.5021
Thérèse Duclos, Rue Leval,246,6781,Sélange,0489 69 98 03,11/6/1994,ThereseDuclos@jourrapide.com,Exul1994,dae2say9Vae,49.648696, 5.93863
Demi Charron, Rue du Château,362,9080,Lochristi,0479 51 90 18,19/1/1956,DemiCharron@rhyta.com,Yough1956,eiTh6eeP,51.102079, 3.947113
Anaïs Leclair, Rue de Piétrain,405,7022,Nouvelles,0491 78 51 33,1/4/2001,AnaisLeclair@rhyta.com,Othrom2001,Ri5ei7Ee,50.522444, 3.972156
Magnolia Lamare, Chaussée de Wavre,342,6533,Biercée,0477 76 72 46,27/6/1969,MagnoliaLamare@teleworm.us,Spong1969,ieboo2EiW5,50.28099, 4.301596
Blanche Guibord, Blancefloerlaan,305,6700,Bonnert,0475 66 15 74,29/7/2002,BlancheGuibord@dayrep.com,Gince2002,ies1ned3U,49.659039, 5.894232
Belisarda Jalbert, Hauwaart,136,9800,Meigem,0485 24 73 04,9/11/1985,BelisardaJalbert@jourrapide.com,Fornew,Rah0Moch6,51.05214, 3.487017
Paulette Guibord, Rue du Bienne,7,9420,Ottergem,0479 92 86 94,11/9/1966,PauletteGuibord@armyspy.com,Whippercunch,quohhe1El2,51.009163, 4.042564
Anne Chauvet, Rue Fosse Piron,149,1370,Saint-Remy-Geest,0487 85 81 36,30/10/1987,AnneChauvet@dayrep.com,Thaters,Phoh7uvai,50.816292, 4.898043
Baptiste Racicot, Stationsstraat,276,7801,Irchonwelz,0478 27 24 73,20/11/1962,BaptisteRacicot@teleworm.us,Offirtansay,pheaHohfob9,50.611625, 3.794644
Christiane Tisserand, Rue Dielhère,76,2520,Ranst,0483 95 72 11,1/1/1991,ChristianeTisserand@jourrapide.com,Whar1991,ahph5uPae9s,51.266168, 4.511358
Natalie Guibord, Lange Elzenstraat,439,2870,Breendonk,0484 13 35 14,4/4/1953,NatalieGuibord@teleworm.us,Wittiuse,Iyoo3peiL6,51.026798, 4.350021
Rosamonde Covillon, Kapelaniestraat,88,9700,Leupegem,0482 53 72 03,6/11/1969,RosamondeCovillon@jourrapide.com,Thowas,oof8quahMai,50.872633, 3.626029
Susanne Ricard, Rue des Honnelles,254,4432,Xhendremael,0474 35 07 31,1/12/1974,SusanneRicard@armyspy.com,Tileords,mii4Pae4Noo,50.767754, 5.56524
Holly DuLin, Amerveldstraat,248,7624,Howardries,0473 78 42 06,16/11/1976,HollyDuLin@jourrapide.com,Micketionath,sieY6qui5oo,50.595175, 3.476821
Mireille Sylvain, Aven Ackers,203,7040,Bougnies,0487 48 75 95,19/7/1979,MireilleSylvain@jourrapide.com,Candievely,Nae6ii6see,50.306492, 3.989019
Nadine Beauchesne, Kasterleesteenweg,481,2431,Veerle,0499 75 77 93,1/12/1954,NadineBeauchesne@jourrapide.com,Theld1954,aingid0Ee,51.08768, 4.927744
Bradamate Bousquet, Avenue Huart Hamoir,323,6927,Bure,0491 38 29 58,4/11/1971,BradamateBousquet@jourrapide.com,Thathee,gahShoo5Soo,50.071863, 5.377663
Didiane Givry, Rue du Bourgmestre Dandoy,419,9500,Onkerzele,0497 30 48 59,11/10/1951,DidianeGivry@rhyta.com,Pesellai,Bee1voor,50.903503, 3.945683
Merci Lebel, Strepestraat,51,4910,Reid,0483 44 94 67,13/11/1967,MerciLebel@rhyta.com,Overearrever,quae4Chuu,50.564405, 5.829197
Cendrillon Roussel, Tienne à Many,455,5190,Ham-sur-Sambre,0484 18 65 62,14/2/1991,CendrillonRoussel@jourrapide.com,Illaitty,aiMeexo2Rohsh,50.442004, 4.82316
Minette Pomerleau, Putstraat,259,3800,Sint-Truiden,0493 67 75 60,10/1/1981,MinettePomerleau@jourrapide.com,Dideseld,ooTeiroh6v,50.765233, 5.251228
Lirienne Mazuret, Pierre Delannoyplaats,8,8587,Espierres,0481 99 83 69,3/9/1960,LirienneMazuret@teleworm.us,Quital,ohG0reiCe4,50.828283, 3.472092
Leala Paré, Rostsestraat,220,7080,Frameries,0489 15 53 90,12/8/1976,LealaPare@armyspy.com,Mety1976,eeTh7osh4sie,50.313399, 3.928617
Sibyla Levasseur, Perksesteenweg,287,5190,Moustier-sur-Sambre,0474 13 71 96,22/12/1996,SibylaLevasseur@jourrapide.com,Thethe96,lahK3keeLae,50.538122, 4.796162
Ancelote Devost, Rue de Bouillon,413,1850,Grimbergen,0487 70 14 39,30/9/1993,AnceloteDevost@armyspy.com,Foloot,neeMa4ch,50.915852, 4.40213
Roxanne Salois, Rue du Bourgmestre Dandoy,37,8710,Ooigem,0497 47 86 42,22/8/1960,RoxanneSalois@jourrapide.com,Hicip1960,OoX4aiQuu,50.879821, 3.42094
Maurelle Labonté, Rue de Fontigny,25,6769,Robelmont,0499 24 39 31,23/10/1990,MaurelleLabonte@jourrapide.com,Morts1990,eeKooxae2piz,49.51033, 5.544917
Phillipa Martineau, Mandemakersstraat,12,9230,Wetteren,0482 20 18 33,10/4/1977,PhillipaMartineau@armyspy.com,Serthe77,agohl5Ie,51.067732, 3.910315
Noelle Faure, Rue du Chapy,147,8560,Gullegem,0491 16 33 31,16/8/2007,NoelleFaure@jourrapide.com,Hissigh,Aeni1saefai,50.742509, 3.26188
Angelette Michaud, Alsembergsesteenweg,257,1457,Nil-St-Vincent-St-Martin,0495 15 58 90,7/2/1965,AngeletteMichaud@armyspy.com,Shetua,yiej3EiGhi,50.585102, 4.643524
Madeleine Trottier, Chaussée de Tirlemont,146,7910,Wattripont,0491 43 79 41,13/2/1966,MadeleineTrottier@rhyta.com,Awithist,Kaideeh9mah,50.506015, 3.699265
Florence Chastain, Blekersdijk,27,3540,Donk,0470 46 93 16,2/5/2003,FlorenceChastain@jourrapide.com,Histeland,azivieD5ceuph,50.874808, 5.011191
Christelle Godin, Lodorp,266,6852,Maissin,0481 47 52 36,14/8/1996,ChristelleGodin@armyspy.com,Suldand,Cuongo5ah,49.880008, 5.214419
Vignette Dufour, Tiegemberg,4,4263,Tourinne,0474 64 68 69,5/9/1996,VignetteDufour@jourrapide.com,Loven1996,eedooGee5,50.567601, 5.14312
Jewel Senneville, Taille Maréchal,269,3450,Geetbets,0485 99 69 82,3/9/1971,JewelSenneville@rhyta.com,Lonlied1971,Sahlav8u,50.827593, 5.139063
Geneviève Lespérance, Bessenveldstraat,168,7000,Mons,0491 34 22 19,8/4/1964,GenevieveLesperance@teleworm.us,Conise1964,weiko4Eeb9,50.453599, 4.037471
Laurette Chicoine, Rue du Presbytère,87,4340,Villers-l'Evêque,0475 46 86 79,8/9/1980,LauretteChicoine@dayrep.com,Wilts1980,eiVaetae2,50.704228, 5.510933
Antoinette Duperré, Schoolstraat,139,4020,Wandre,0480 11 62 49,11/12/1950,AntoinetteDuperre@armyspy.com,Debafrould,Uralee1poo2,50.552064, 5.526134
Natalie Collin, Maskenstraat,102,2560,Kessel,0470 39 84 66,21/8/1973,NatalieCollin@dayrep.com,Bersed,ahWi9mee,51.112213, 4.674953
Aceline Mailloux, Rue du Bourgmestre Dandoy,196,7866,Ollignies,0481 13 28 76,27/5/1963,AcelineMailloux@armyspy.com,Oriese,jeipha4Oo,50.685384, 3.862912
Marguerite Gagnon, Avenue Emile Vandervelde,67,3370,Roosbeek,0492 71 60 35,23/5/1969,MargueriteGagnon@dayrep.com,Reares,iepuaWei4,50.852819, 4.905165
Aimée Mailloux, Rue Bouhouille,476,1703,Schepdaal,0478 44 04 07,23/3/1977,AimeeMailloux@armyspy.com,Succur,aes5Ei6huQu,50.860109, 4.205595
Ophelia Parenteau, Grote Baan,119,8581,Kerkhove,0482 15 87 12,7/1/1996,OpheliaParenteau@dayrep.com,Wastures,iez0Dah3oung,50.858598, 3.422025
Babette Bonsaint, Rue de Bouillon,428,6840,Grandvoir,0486 89 68 95,5/10/1950,BabetteBonsaint@armyspy.com,Troys1950,wi4eC5Vei,49.917842, 5.395622
Creissant Gilbert, Oostjachtpark,382,7760,Celles,0485 13 19 06,15/11/1997,CreissantGilbert@teleworm.us,Witimpat,Ohrah0Ae,50.703173, 3.352113
Searlait Abril, Stationsstraat,356,8691,Izenberge,0491 81 77 66,2/10/1995,SearlaitAbril@rhyta.com,Wher1995,ahfu6Tea1Ah,50.959609, 2.691717
Frédérique Rocheleau, Rue des Laderies,238,6280,Villers-Poterie,0496 63 73 92,23/1/1983,FrederiqueRocheleau@rhyta.com,Kinglace,Ka8aeBai4,50.425962, 4.414011
Diane Chalifour, De Veurs Comberg,62,9250,Waasmunster,0480 24 37 28,27/1/1996,DianeChalifour@teleworm.us,Thaime1996,Ohcai8oht2,51.131441, 3.98794
Rachelle Lanctot, Rue de Fromelenne,325,5030,Gembloux,0474 33 05 14,28/9/1992,RachelleLanctot@teleworm.us,Thadvank,eicooqu9iNg,50.617059, 4.770978
Maureen Duhamel, Rue Fouramont,125,6720,Habay-la-Neuve,0473 16 02 91,2/7/1995,MaureenDuhamel@jourrapide.com,Ofron1995,nu1CaiChee,49.62769, 5.600859
Dorene Gagnon, Hauwaart,357,4633,Melen,0473 21 54 18,15/5/2002,DoreneGagnon@armyspy.com,Swilifewouse,ohV7eufuPh,50.737287, 5.832917
Eloise Leclerc, Rue Grande,42,5377,Baillonville,0480 23 55 03,26/5/1977,EloiseLeclerc@dayrep.com,Siriand1977,eXai1oche,50.427116, 5.282134
Florence Cousteau, Rue du Bois Colau,376,8800,Oekene,0487 78 31 71,14/8/1981,FlorenceCousteau@armyspy.com,Makered2,resh3Exo7ae,51.046156, 3.172838
Chantal Pelletier, Rue du Centre,40,8720,Markegem,0476 83 42 31,31/5/1950,ChantalPelletier@jourrapide.com,Derving,Aahe8zarei,51.063631, 3.431774
Harriette Baron, Nieuwe Baan,158,6941,Bende,0487 26 48 29,19/2/1975,HarrietteBaron@teleworm.us,Muctile75,aiF1dei2Ai,50.31782, 5.641825
Blanchefle Jacques, Rue du Moulin,98,5570,Felenne,0484 51 58 26,7/7/1960,BlanchefleJacques@rhyta.com,Notartinge,Hee3ahyah,50.06462, 4.945306
France Marcheterre, Pont du Chêne,29,7620,Bléharies,0497 37 75 24,23/3/1958,FranceMarcheterre@rhyta.com,Extan1958,Yie0esie2wa,50.478347, 3.577586
Christabel Grandbois, Korte Noordsstraat,195,4280,Trognée,0472 14 51 57,12/10/2005,ChristabelGrandbois@rhyta.com,Reaver,eiral7AhGh,50.658557, 5.18619
Pansy Lacroix, Rue Engeland,21,3670,Neerglabbeek,0495 74 88 25,26/8/1980,PansyLacroix@jourrapide.com,Coureard,gaekiep1Vi,51.032782, 5.591417
Royale Desforges, Amerveldstraat,457,9630,Hundelgem,0497 16 98 28,5/3/2000,RoyaleDesforges@teleworm.us,Soublartand,aey4oozeeLah,50.829669, 3.751437
Cammile Chalut, Witbakkerstraat,205,9982,Sint-Jan-in-Eremo,0493 76 74 93,17/3/1986,CammileChalut@rhyta.com,Expareasse,faeVo8Gu4,51.323983, 3.601766
Eglantine Moreau, Strepestraat,188,4910,Reid,0499 61 66 84,22/8/1951,EglantineMoreau@rhyta.com,Docculd,as4kash2Oh,50.603193, 5.960079
Hilaire Quiron, Jagerij,50,2328,Meerle,0479 97 95 49,6/7/1970,HilaireQuiron@armyspy.com,Almyconver,Aemawe9io,51.373346, 4.704637
Armina Gamelin, Maskenstraat,34,1755,Kester,0484 32 13 83,11/3/2004,ArminaGamelin@armyspy.com,Magesentrage,ielo8ohsaT8,50.707601, 4.061825
Methena Grenier, Langestraat,391,6642,Juseret,0495 70 36 91,25/6/1965,MethenaGrenier@armyspy.com,Stoody,oiPh3jai8Ah,49.883077, 5.60009
Brigitte Pelletier, Rue du Thisnes,493,8647,Reninge,0474 51 00 30,22/9/1984,BrigittePelletier@jourrapide.com,Samintme,ohkaeJai7sh,50.982498, 2.75604
Crescent Piedalue, Rue Fosse Piron,180,7912,Saint-Sauveur,0476 62 50 95,5/4/2001,CrescentPiedalue@armyspy.com,Prety2001,fo7Ot5aex,50.532175, 3.765203
Brunella Bondy, Touwslagerstraat,391,8470,Zevekote,0471 52 79 96,12/11/1970,BrunellaBondy@armyspy.com,Forling,ahce3Zah6ep,51.18784, 2.848949
Marcelle Daoust, Eikstraat,42,6672,Beho,0486 94 94 91,12/1/1951,MarcelleDaoust@dayrep.com,Monge1951,inoo3kea4Ee,50.154364, 5.939875
Medoro Gendron, Rue Grande,163,4630,Ayeneux,0480 87 70 21,30/8/1960,MedoroGendron@teleworm.us,Eace1960,Aijudae6qu,50.587071, 5.619255
Luce Simon, Boulevard General Wahis,266,4550,Nandrin,0480 12 57 06,23/3/2007,LuceSimon@teleworm.us,Mannot,Shi3sahcie2,50.631183, 5.479497
Favor Beaudouin, Rue du Centre,43,8720,Markegem,0483 91 90 63,22/9/1958,FavorBeaudouin@dayrep.com,Freace,Eiqu5Geoth,51.004699, 3.383633
Auda Beauchamps, Boulevard General Wahis,430,6120,Nalinnes,0493 34 21 19,13/12/1963,AudaBeauchamps@rhyta.com,Raing1963,ahfaiD6z,50.354882, 4.280395
Jeannine Marseau, Pierre Delannoyplaats,236,7120,Estinnes,0497 95 04 00,22/12/1981,JeannineMarseau@rhyta.com,Usplany,nai8xaeWaoc,50.317811, 3.99225
Laure Casgrain, Putstraat,154,4450,Slins,0487 84 40 67,30/6/2001,LaureCasgrain@armyspy.com,Pire2001,GeeG9the,50.625783, 5.572122
Jeannine Bourgouin, Lange Elzenstraat,238,7620,Brunehaut,0484 94 74 48,16/10/1957,JeannineBourgouin@jourrapide.com,Thruseell,Eekeic1i,50.637059, 3.400943
Yolande Laderoute, Rue Engeland,269,9660,Nederbrakel,0475 29 93 05,8/3/1975,YolandeLaderoute@dayrep.com,Dunneve,xaiV7kahf,50.882521, 3.732564
Anouk René, Kerkstraat,79,4280,Bertrée,0488 52 47 79,14/12/1955,AnoukRene@dayrep.com,Nincen,he4Roo5dohtoh,50.72293, 5.05419
Anouk Brasseur, Rue Dielhère,290,7804,Rebaix,0474 42 48 68,8/10/1976,AnoukBrasseur@teleworm.us,Teaks1976,vauRip7j,50.67847, 3.71533
Agnès Lejeune, Nieuwe Baan,477,1674,Bellingen,0495 98 57 81,27/7/1962,AgnesLejeune@rhyta.com,Ableave,Ood9ecoon,50.845804, 4.073168
Alacoque Lafond, Noordstraat,151,4653,Bolland,0486 39 43 47,10/1/1985,AlacoqueLafond@rhyta.com,Talsofurn1985,ohjie0meSh,50.74461, 5.797115
Nicolette Corbeil, Rue Fouramont,60,6792,Halanzy,0481 26 13 64,30/3/1954,NicoletteCorbeil@teleworm.us,Sirsee,ohliesa7Wae,49.695852, 5.820075
Victoire Vincent, Rue de Liège,109,6463,Lompret,0470 11 20 89,27/10/1971,VictoireVincent@rhyta.com,Sappike,oor3aizi7C,50.159286, 4.376115
Adélaïde Brasseur, Machelsesteenweg,366,3740,Mopertingen,0481 36 14 03,26/5/1968,AdelaideBrasseur@rhyta.com,Ambegrout,aif0shoh7Au,50.889005, 5.511546
Yseult Chalifour, Rue de Boneffe,353,6852,Opont,0478 16 56 95,10/1/1966,YseultChalifour@rhyta.com,Lumblut,aCies9ohbo,49.904591, 5.115787
Isabelle Chrétien, Mandemakersstraat,428,8954,Westouter,0477 76 96 75,12/8/1978,IsabelleChretien@armyspy.com,Heeut1978,AeyeimoG5ai,50.83809, 2.660734
Brunella Bonami, Dijkstraat,367,3630,Eisden,0484 40 00 49,13/2/1951,BrunellaBonami@teleworm.us,Ablike,aeThuaV7Qua,51.087797, 5.762963
Fealty Beaudry, Hauwaart,342,3350,Melkwezer,0481 89 42 98,6/11/1983,FealtyBeaudry@dayrep.com,Sopupose1983,ehooGh1W,50.785051, 5.077461
Alphonsine Lagrange, Heirstraat,487,4570,Marchin,0489 35 39 28,29/4/1978,AlphonsineLagrange@dayrep.com,Reaunged78,quoF0Esor,50.522633, 5.251265
Marphisa Patel, Rue de Boneffe,94,6852,Opont,0497 18 88 25,13/11/1970,MarphisaPatel@rhyta.com,Witiceir,bae0Cheith,50.003396, 5.166218
Searlait Lavallée, Orchideeenlaan,332,9120,Melsele,0494 96 58 51,16/10/1975,SearlaitLavallee@rhyta.com,Plualked3,sekie1aaV,51.194018, 4.291842
Alaine Hervieux, Oostjachtpark,280,1341,Céroux-Mousty,0471 30 70 51,20/7/1952,AlaineHervieux@jourrapide.com,Serch1952,raiwooM3,50.703023, 4.734644
Astrid Laberge, Noordstraat,69,3840,Bommershoven,0496 69 95 97,23/12/1980,AstridLaberge@jourrapide.com,Thorry,tohXi1Oogh,50.817649, 5.286854
Jeanette Ratté, Rue Supexhe,333,9630,Sint-Denijs-Boekel,0489 20 89 63,12/7/1990,JeanetteRatte@rhyta.com,Werflefougs,che4Au0oor,50.889613, 3.709931
Azura Benoit, Rue Engeland,304,9400,Nederhasselt,0485 72 71 83,18/7/1999,AzuraBenoit@armyspy.com,Raveld,Oongee8no7H,50.883004, 4.026424
Patience Bazin, Route de Baschamps,90,7784,Bas-Warneton,0476 90 29 20,22/1/2000,PatienceBazin@dayrep.com,Penceff,phaRaeL7oo,50.839773, 3.012441
Arianne Desforges, Korte Noordsstraat,60,1480,Tubize,0491 52 89 30,10/4/1967,ArianneDesforges@rhyta.com,Thererace,nohhoh5Ae,50.73162, 4.213928
Gallia Plouffe, Rue de Vonêche,69,6534,Gozée,0471 78 84 81,9/9/1991,GalliaPlouffe@armyspy.com,Moroate,noo9ahB7t,50.404731, 4.421082
Daisi Doucet, Populierenstraat,307,4557,Abée,0470 83 96 41,7/8/2007,DaisiDoucet@dayrep.com,Cosper,taiL2betah,50.415857, 5.337448
Fifi Avare, Rue du Bourgmestre Dandoy,282,2491,Olmen,0497 38 86 36,2/4/1960,FifiAvare@rhyta.com,Appot1960,bo7thaht4Jae,51.201607, 5.058775
Cerise Leduc, Schietboompleinstraat,178,8880,Ledegem,0489 16 32 57,9/6/1973,CeriseLeduc@armyspy.com,Fraidess,vaeNah6cheiqu,50.929984, 3.100758
Cammile Briard, Perksesteenweg,83,5550,Mouzaive,0489 26 99 39,12/12/1972,CammileBriard@armyspy.com,Supostan,ua1qui3Jeas,49.893114, 5.029308
Galatee Crête, Chaussée de Liège,346,6640,Hompré,0473 11 01 99,20/4/1997,GalateeCrete@rhyta.com,Follut,shifuR3jaok,49.932701, 5.488021
Adorlee Gousse, Rue Henri Lambert,383,6960,Harre,0486 91 06 83,9/7/1992,AdorleeGousse@rhyta.com,Sulne1992,bee3Oove3X,50.366665, 5.734193
Yolande Francoeur, Avenue Emile Vandervelde,362,3370,Roosbeek,0481 77 20 01,12/4/1967,YolandeFrancoeur@rhyta.com,Washound,vahBei9y,50.777786, 4.93775
Delit Flamand, Rue des Taillis,424,2275,Gierle,0488 40 21 48,13/8/1954,DelitFlamand@armyspy.com,Whimsood,yia1she8Oer,51.237641, 4.889171
Amélie St-Jean, Prinsenstraat,148,3360,Lovenjoel,0485 72 61 33,27/12/1967,AmelieSt-Jean@armyspy.com,Woned1967,Xo0EeB7ze,50.945337, 4.781146
Nicolette Saurel, Rue de Genville,495,4860,Pepinster,0481 25 78 01,10/2/2007,NicoletteSaurel@dayrep.com,Lagreand,iox4eBou,50.682543, 5.863817
Élisabeth Labrosse, Rue des Laderies,374,4520,Vinalmont,0473 81 59 87,9/5/1960,ElisabethLabrosse@dayrep.com,Thist1960,OhphieJ8wie,50.62833, 5.243803
Brier Loiseau, Machelsesteenweg,334,8560,Moorsele,0483 91 55 30,5/11/1955,BrierLoiseau@rhyta.com,Themnioncy1955,hai0Sae9eu3,50.773756, 3.24603
Margaux Forest, Rue de Fontigny,429,3202,Rillaar,0496 32 57 15,17/6/1994,MargauxForest@teleworm.us,Bossuppy1994,cuPherah6,51.054849, 4.759522
Romaine Brault, Lambrechtstraat,57,5100,Wépion,0476 69 01 62,9/11/2001,RomaineBrault@armyspy.com,Siltard2001,noo6Veel,50.53475, 4.780903
Ermengardi Plourde, Rue de Virton,26,7730,Evregnies,0482 74 52 83,29/1/2007,ErmengardiPlourde@armyspy.com,Mustur,Io2aebu6U,50.627712, 3.292708
Constance Brunault, Heirstraat,165,1495,Marbais,0490 44 14 63,29/9/1994,ConstanceBrunault@jourrapide.com,Thiste,wiquov4Thae,50.593317, 4.553657
Blanche Bernier, Rue de Bouillon,96,7830,Graty,0491 98 19 92,12/7/1983,BlancheBernier@jourrapide.com,Deverfelle,IeSaerij3ee,50.637611, 3.981307
Fantina Létourneau, Booischotseweg,112,4357,Jeneffe,0498 94 10 19,27/9/1980,FantinaLetourneau@jourrapide.com,Whorned,re1inguveeB,50.720165, 5.333987
Favor Gabriaux, Linieweg,279,1380,Lasne-Chapelle-St-Lambert,0475 59 31 18,15/3/2005,FavorGabriaux@armyspy.com,Kinatim,dee8rae7Uth,50.619251, 4.5351
Amabella Bernard, Noordstraat,313,5170,Bois-de-Villers,0474 19 00 30,16/3/1994,AmabellaBernard@armyspy.com,Lowleackted,oiXoo1ah,50.45045, 4.96584
Alacoque Laux, Rue du Presbytère,258,6823,Villers-devant-Orval,0493 28 87 25,29/10/2007,AlacoqueLaux@armyspy.com,Lianythe,eebi4Nai,49.687307, 5.298688
Nathalie Laux, Molenstraat,366,8490,Snellegem,0498 94 05 87,7/2/1981,NathalieLaux@dayrep.com,Doomplast,iegieJia9Oh,51.266698, 3.079581
Emmanuelle Paquin, Oostjachtpark,495,5550,Chairière,0494 38 93 67,26/12/1983,EmmanuellePaquin@dayrep.com,Mastakill,ieweeTae0hi,49.936838, 5.114949
Mirabelle Brousse, Rue de Baras,58,3272,Testelt,0478 57 17 96,19/11/1972,MirabelleBrousse@teleworm.us,Letre1972,vaishahMu2,50.911593, 5.003301
Orva Denis, Herentalsebaan,426,1000,Brussel,0485 42 32 43,17/12/1969,OrvaDenis@teleworm.us,Upcout,aeth4Eiv7,50.924895, 4.350769
Afrodille Charrette, Hooivelden,114,9690,Kwaremont,0490 45 71 51,21/8/1959,AfrodilleCharrette@armyspy.com,Wasioure59,Phix6eizoo,50.897761, 3.743282
Lotye Bériault, Schietboompleinstraat,399,5070,Roux,0479 15 68 62,9/10/1964,LotyeBeriault@armyspy.com,Beire1964,eNiop9oh,50.38956, 4.739842
Ancelina Laramée, Lambrechtstraat,389,4840,Welkenraedt,0485 58 90 08,3/12/2006,AncelinaLaramee@teleworm.us,Grosen,ohM3kohy3,50.56886, 5.886408
Cendrillon LaGarde, Tienne à Many,215,5340,Haltinne,0485 57 30 69,12/10/1984,CendrillonLaGarde@teleworm.us,Submiliand1984,aeve5queiVo,50.503655, 5.071005
Élisabeth Chaloux, Maskenstraat,111,3472,Kersbeek-Miskom,0496 20 25 33,7/9/1965,ElisabethChaloux@rhyta.com,Canuttle,Aem0ahQuah,50.876526, 5.165415
Linette Beauchamp, Noordstraat,208,5140,Boignée,0482 60 42 93,27/11/1965,LinetteBeauchamp@jourrapide.com,Andin1965,ya9koDei,50.423807, 4.505492
Leala Bourque, Serenade Opus,24,3840,Voort,0486 81 76 65,7/3/1957,LealaBourque@rhyta.com,Vaccom,Iahoh7Ahc,50.733471, 5.471115
Angelique Bonnet, Rue du Vert Galant,202,5660,Presgaux,0470 11 69 51,27/3/1987,AngeliqueBonnet@rhyta.com,Wasion1987,aeNgae4qu,50.121264, 4.476503
Annette Leblanc, Excelsiorlaan,439,7942,Mévergnies-lez-Lens,0478 31 31 98,2/10/1971,AnnetteLeblanc@teleworm.us,Hisgrat,joGho7Jo7Oo,50.505924, 3.904138
Flordelis Lamare, Rue de Birmingham,35,9890,Dikkelvenne,0492 27 10 25,20/2/1968,FlordelisLamare@jourrapide.com,Sawly1968,Evaevie6za,50.928386, 3.718178
Rosamonde Nadeau, De Veurs Comberg,300,3473,Waanrode,0491 50 63 52,5/3/1956,RosamondeNadeau@jourrapide.com,Mookedis,eithig1ohWe,50.959535, 5.143968
Yolette Perrault, Luchthavenlaan,462,2322,Minderhout,0485 11 30 35,9/6/1969,YolettePerrault@dayrep.com,Friver,ohxai9FahS9,51.439847, 4.674609
Villette Mainville, Rue Bouhouille,53,5070,Sart-Eustache,0496 46 28 58,12/8/1978,VilletteMainville@teleworm.us,Untes1978,tu3gaiV9C,50.444004, 4.69206
Brunella Leclerc, Lange Elzenstraat,451,4020,Bressoux,0494 20 05 64,24/8/2001,BrunellaLeclerc@armyspy.com,Toodn2001,wiepaiQu1ei,50.581873, 5.485744
Halette Ferland, Korte Noordsstraat,136,9910,Ursel,0495 79 66 62,13/4/1982,HaletteFerland@rhyta.com,Trown1982,EihaiKu2oh,51.165914, 3.504692
Laetitia Cormier, Schoolstraat,426,4020,Wandre,0492 48 71 39,25/10/1950,LaetitiaCormier@dayrep.com,Andur1950,ga9Chie5oh,50.629418, 5.504643
Garland Langlais, Place Fayat,79,4162,Hody,0486 39 12 50,12/10/1991,GarlandLanglais@jourrapide.com,Widefirearm91,Wo5Oqu0nee,50.524115, 5.464828
Rosemarie Querry, Rue du Pont Simon,346,7181,Arquennes,0477 60 22 84,9/7/2001,RosemarieQuerry@teleworm.us,Nare2001,aekee2geiTaib,50.635557, 4.357789
Eulalie Barrientos, Rue du Cornet,354,3404,Attenhoven,0483 65 20 06,20/4/1996,EulalieBarrientos@rhyta.com,Comene1996,Xa0huu9g,50.776393, 5.051356
Harriette Arsenault, Rue de la Tannerie,52,3870,Heers,0494 43 14 49,11/12/1978,HarrietteArsenault@armyspy.com,Hicat1978,bah4ait2Mee,50.821333, 5.204434
Roux Boucher, Drève des Bouleaux,253,4480,Engis,0472 91 89 31,30/1/1983,RouxBoucher@teleworm.us,Exclown,ahneep1Nohl,50.617241, 5.399644
Nicolette Leclair, Rue Leval,3,3540,Schulen,0487 56 39 66,15/11/1979,NicoletteLeclair@dayrep.com,Heaver,Loh9oushi,51.017891, 5.148368
Olympia Audibert, Boulevard General Wahis,92,5300,Namêche,0495 99 60 92,19/3/1991,OlympiaAudibert@rhyta.com,Himentionce,had7caiR3th,50.442827, 5.113917
Amedee Larivière, Maskenstraat,472,3472,Kersbeek-Miskom,0483 54 10 88,20/5/1993,AmedeeLariviere@jourrapide.com,Himesed2,se5Eez9aif,50.848456, 4.987324
Louise Chartré, Heirstraat,10,4960,Malmédy,0484 12 01 26,20/4/1992,LouiseChartre@dayrep.com,Duchis,choh5tieH,50.369763, 6.086685
Aubrey Lamontagne, Rue de Fontigny,363,6830,Rochehaut,0471 53 87 52,22/9/1993,AubreyLamontagne@armyspy.com,Niff1993,Piet6mithe,49.779219, 5.046924
Belisarda Charlesbois, Lambrechtstraat,469,3830,Wellen,0482 60 33 99,11/6/1992,BelisardaCharlesbois@rhyta.com,Trise1992,pohD9hae,50.854954, 5.311749
Dorene Goguen, Lange Elzenstraat,262,2870,Breendonk,0484 10 89 85,7/1/2007,DoreneGoguen@teleworm.us,Thestaters2007,rae6aeG2ko,51.073198, 4.314251
Eloise Bourdette, Rue Bois des Fosses,377,8840,Oostnieuwkerke,0480 93 94 89,6/10/1971,EloiseBourdette@dayrep.com,Cognarl1971,shah8Ugeipai,50.946685, 2.929137
Julienne Lapresse, Grote Baan,343,9970,Kaprijke,0499 44 77 98,13/12/1982,JulienneLapresse@teleworm.us,Mider1982,aiph1Ahh3Nie,51.142952, 3.596724
Émilie Landry, Rue Grande,150,7730,Bailleul,0481 93 02 74,1/1/1960,EmilieLandry@rhyta.com,Wilisting,ohh8Copaeto,50.816461, 3.262686
Françoise Pouliotte, Witbakkerstraat,183,2860,Sint-Katelijne-Waver,0481 81 28 66,30/4/1957,FrancoisePouliotte@teleworm.us,Mazenvide,Ux8xae3oof0,51.080219, 4.486542
Mariette Brousseau, Rue du Bienne,348,7802,Ormeignies,0479 85 82 60,16/2/1965,MarietteBrousseau@rhyta.com,Sithe1965,ieNah2qu,50.619036, 3.775298
Heloise Sevier, Tienne à Many,101,1320,Hamme-Mille,0486 32 86 94,23/7/1996,HeloiseSevier@dayrep.com,Frimply,ieho5Iek,50.722158, 4.712781
Eglantine Audet, Place Fayat,149,4351,Hodeige,0492 69 22 19,19/7/1999,EglantineAudet@rhyta.com,Bech1999,tae5ioW1Ah,50.605846, 5.44338
Monique Blondlot, Rue du Presbytère,383,6600,Villers-la-Bonne-Eau,0473 69 61 00,8/8/1971,MoniqueBlondlot@armyspy.com,Sair1971,qua1thaeB0oo,49.919133, 5.785318
Jacquenett Barrientos, Serenade Opus,232,9120,Vrasene,0493 41 95 25,30/4/2006,JacquenettBarrientos@armyspy.com,Whatrold,ciepiev9D,51.150844, 4.322767
Vignette Bourgeau, Rue du Monument,393,4031,Angleur,0479 77 54 86,7/7/1994,VignetteBourgeau@rhyta.com,Getoctords,Shaik8theiN,50.58873, 5.59035
Zurie Mainville, Maskenstraat,235,2560,Kessel,0474 52 49 29,16/9/1977,ZurieMainville@dayrep.com,Whane1977,nahgh0oTh,51.091376, 4.690401
Adrienne Langlais, Route de Baschamps,417,4983,Basse-Bodeux,0492 74 96 86,23/1/1972,AdrienneLanglais@dayrep.com,Gisabloo,Eim0mai0Kae,50.28728, 5.762967
Dorothée L'Anglais, Rue de Liège,425,1840,Londerzeel,0495 26 22 34,19/9/1966,DorotheeLAnglais@teleworm.us,Thavey,su7ail3Ies,50.983821, 4.243294
Émilie Gendron, Lodorp,297,9870,Machelen,0476 84 49 97,17/11/2004,EmilieGendron@armyspy.com,Ropened,ohph2Eebeer,51.002669, 3.419516
Mignonette Caron, Rue du Château,278,3560,Linkhout,0479 61 23 61,26/8/1984,MignonetteCaron@dayrep.com,Thoulladay,geph9zoJ,51.046742, 5.251405
Eglantine Dubois, Oostjachtpark,279,4650,Chaineux,0490 36 97 77,25/7/1960,EglantineDubois@armyspy.com,Tepateady,eo0Aam7ah,50.588933, 5.713967
Patience Tollmache, Route de Baschamps,346,7830,Bassilly,0493 65 57 56,4/9/1990,PatienceTollmache@rhyta.com,Loself,cah2Shi2sh,50.725462, 3.929151
Joy Bertrand, Kasterleesteenweg,387,3620,Veldwezelt,0492 81 68 30,7/4/1957,JoyBertrand@teleworm.us,Mettly,haiC1eex5ei,50.817114, 5.603288
Trinette Cadieux, Rue du Vert Galant,252,8972,Proven,0481 52 82 64,12/9/1978,TrinetteCadieux@armyspy.com,Coned1978,uuthei1Ees,50.900681, 2.719768
Melisande Lamothe, Netelaan,323,2550,Kontich,0499 31 70 93,29/9/2007,MelisandeLamothe@jourrapide.com,Theare,ga2ieH1Oo,51.07492, 4.455683
Amabella Melanson, Serenade Opus,302,3840,Voort,0474 78 28 34,7/6/1950,AmabellaMelanson@rhyta.com,Thasuppeas,iY1xahd2,50.892708, 5.47382
Gay Langlois, Heirstraat,244,6900,Marche-en-Famenne,0497 87 40 43,8/3/1974,GayLanglois@jourrapide.com,Tellost1974,Ohkoh7roh,50.185471, 5.209342
Geneviève LaGarde, Netelaan,395,8851,Koolskamp,0491 86 35 52,20/7/2007,GenevieveLaGarde@dayrep.com,Hiece2007,aethai8L,51.064374, 3.132659
Maryse Croquetaigne, Industrieweg,394,5590,Braibant,0477 39 91 40,11/8/1970,MaryseCroquetaigne@dayrep.com,Immill1970,Oe5Aedogh,50.233812, 4.966027
Agathe Gilbert, Avenue Emile Vandervelde,385,5600,Romedenne,0499 88 61 07,21/7/1958,AgatheGilbert@teleworm.us,Gnin1958,Ubaiphu2ah,50.19638, 4.576849
Annot Lanoie, Sur les Tailles,408,4181,Filot,0479 86 48 29,20/5/1988,AnnotLanoie@jourrapide.com,Surries88,aax4EQuae,50.502576, 5.469266
Gauthier Mireault, Rue de Bouillon,278,1390,Grez-Doiceau,0487 77 48 64,29/5/1977,GauthierMireault@armyspy.com,Capperes,thong3aiMu,50.87579, 4.648964
Paulette Huppé, Tiegemberg,67,3960,Tongerlo,0477 99 05 20,13/4/1981,PauletteHuppe@rhyta.com,Olcou1981,huphi4Aamii,51.219224, 5.55576
Tempeste Jomphe, Rue Fouramont,423,3300,Hakendover,0485 50 24 05,27/8/1968,TempesteJomphe@armyspy.com,Anchas,jae6Kaix9ei,50.898177, 4.988545
Trinette Daviau, Rue Engeland,431,3620,Neerharen,0498 18 28 48,21/3/1992,TrinetteDaviau@armyspy.com,Leguiry,aepaiVah2,50.922356, 5.590276
Laurette Fongemie, Rue de la Sarthe,152,8650,Houthulst,0494 32 73 86,24/9/2002,LauretteFongemie@dayrep.com,Clont2002,Shiokie0,50.934018, 2.821391
Gemma Bourget, Rue du Château,222,3210,Linden,0482 67 67 34,29/3/2002,GemmaBourget@teleworm.us,Ched2002,aeduThee9,50.815989, 4.713284
Rosamonde Bériault, Oostjachtpark,50,7020,Casteau,0494 10 82 21,29/10/1950,RosamondeBeriault@dayrep.com,Aredy1950,Dohsaix1,50.436175, 3.988589
Avril Deschênes, Rue Libert,91,4590,Warzée,0480 12 65 90,12/8/1991,AvrilDeschenes@teleworm.us,Andenderew,egee9See1n,50.381209, 5.366371
Florence Daigle, Boulevard General Wahis,482,9630,Munkzwalm,0474 50 60 53,4/11/1972,FlorenceDaigle@rhyta.com,Thends,Eem7nuXah,50.968148, 3.778517
Dreux Deblois, Schoolstraat,497,7861,Wannebecq,0482 20 14 15,11/4/1971,DreuxDeblois@dayrep.com,Throgerfuns,OMoev6re8zei,50.787518, 3.83554
Ermengardi Franchet, Heirstraat,273,6900,Marche-en-Famenne,0487 23 61 29,30/10/1982,ErmengardiFranchet@rhyta.com,Pokinklant,Ee5veeN5uiy,50.246165, 5.321035
Etoile Tollmache, Putstraat,26,8433,Slijpe,0482 53 37 98,14/9/1985,EtoileTollmache@rhyta.com,Counts,aeF9ohP0vae,51.271254, 2.880071
Blanchefle Desilets, Poolse Winglaan,436,9520,Sint-Lievens-Houtem,0474 65 79 05,18/9/1999,BlanchefleDesilets@armyspy.com,Forgriettles1999,Iuzai3ai,50.993036, 3.893967
Raina Jodion, Rue de Genville,226,1820,Perk,0487 74 97 26,4/7/2000,RainaJodion@dayrep.com,Hisfier,OhNg9ood9Ph,51.000482, 4.479424
Blanchefle Legault, Poolse Winglaan,420,9667,Sint-Maria-Horebeke,0475 16 19 90,7/8/1964,BlanchefleLegault@jourrapide.com,Thould,Zee1li8th,50.783843, 3.601116
Paulette de Chateaub, Rue Fosse Piron,325,1370,Saint-Remy-Geest,0473 48 19 32,24/5/1972,PaulettedeChateaub@teleworm.us,Nowelpleady,aif9vaeMoh,50.668826, 4.95341
Anne Vincent, Rue du Vert Galant,431,5650,Pry,0483 95 11 93,18/11/1979,AnneVincent@jourrapide.com,Glearand79,eMagh1ushu,50.361683, 4.456114
Ormazd Bourque, Sur les Tailles,76,4620,Fléron,0470 29 36 16,14/10/1967,OrmazdBourque@jourrapide.com,Chaver,shee6ahH8,50.689327, 5.71924
Elita Chandonnet, Kasterleesteenweg,70,6640,Vaux-lez-Rosières,0480 81 31 57,26/4/2004,ElitaChandonnet@rhyta.com,Prommits04,OQuie2queeF,49.852903, 5.517444
Babette Casgrain, Herentalsebaan,403,6222,Brye,0470 69 85 48,2/9/1992,BabetteCasgrain@teleworm.us,Tinat1992,Ahbir4eenau,50.583736, 4.509256
Fauna Meunier, Rue Engeland,17,5360,Natoye,0483 82 43 06,24/6/1967,FaunaMeunier@rhyta.com,Bleall,Che2phaefah,50.328651, 5.118697
Millicent Lambert, Pont du Chêne,430,7522,Blandain,0470 56 80 10,30/9/1974,MillicentLambert@dayrep.com,Thadell,dae8zeihaeJ,50.552381, 3.467441
Clarimunda Laurent, Rue de Berloz,89,7780,Comines-Warneton,0489 82 95 41,16/10/1992,ClarimundaLaurent@armyspy.com,Plarturer,Jeeg8Phoh1W,50.732607, 2.908809
Virginie Berie, Kapelaniestraat,110,6953,Lesterny,0495 46 45 75,27/4/1965,VirginieBerie@rhyta.com,Tander,ohbaim9tuQu,50.24952, 5.267011
Anne Leroy, Rue Henri Lambert,431,5540,Hastière-Lavaux,0493 97 87 65,16/4/1950,AnneLeroy@jourrapide.com,Andesell,joh6Xeik,50.315975, 4.944638
Marine Boivin, Rue du Bourgmestre Dandoy,26,4252,Omal,0496 47 06 36,14/6/1975,MarineBoivin@teleworm.us,Fambireett1975,hoh5EidohSh,50.740228, 5.198751
Clarimunda Aucoin, Langestraat,423,3840,Jesseren,0482 89 47 27,14/6/1961,ClarimundaAucoin@dayrep.com,Goten1961,Uaphie9aib1,50.737932, 5.403668
Christabel Lemieux, Strepestraat,412,9270,Laarne,0470 47 41 83,21/2/1979,ChristabelLemieux@jourrapide.com,Buntind,ahGhoon9e,50.997311, 3.843979
Matilda Rivard, Tienne à Many,9,1320,Hamme-Mille,0499 89 88 42,28/1/1989,MatildaRivard@teleworm.us,Trompair,raiQuai9i,50.823484, 4.763156
Genevre Mousseau, Rue des Ecoles,424,5070,Vitrival,0477 93 06 54,3/5/1953,GenevreMousseau@dayrep.com,Sene1953,ahhia9Oam,50.460969, 4.801978
Émilie Begin, Alsembergsesteenweg,241,6640,Nives,0489 64 85 31,28/2/2002,EmilieBegin@rhyta.com,Smuctingly,Uqu4jee1ch,49.862802, 5.644005
Bradamate Abril, Blancefloerlaan,361,6700,Bonnert,0473 18 47 84,26/10/1998,BradamateAbril@rhyta.com,Fectined1998,uy8Haquaiph,49.689193, 5.839318
France Mercier, Avenue Huart Hamoir,376,8630,Bulskamp,0490 37 56 20,11/2/1970,FranceMercier@jourrapide.com,Whinty,ieyooz6Ph,51.037542, 2.710207
Alita Bordeleau, Rue du Centre,130,5660,Mariembourg,0482 60 35 64,3/6/1958,AlitaBordeleau@teleworm.us,Himesed3,Eejah4fie,49.982475, 4.449612
Laurence Courcelle, Oostjachtpark,482,7642,Calonne,0495 18 55 82,6/6/1957,LaurenceCourcelle@armyspy.com,Youtterears,aeDohZuz5kie1,50.600578, 3.526093
Harriette Baron, Bessenveldstraat,106,4400,Mons-lez-Liège,0490 26 30 32,27/2/1975,HarrietteBaron@teleworm.us,Yested,reiReisae8,50.694386, 5.433416
Colette Couture, Poolse Winglaan,245,1700,Sint-Martens-Bodegem,0497 35 79 40,26/9/1950,ColetteCouture@rhyta.com,Pribeeth,Aht1eo8EeKai,50.93934, 4.261604
Nicolette Sicard, Route de Vonèche,59,7538,Vezon,0475 30 87 46,16/2/1968,NicoletteSicard@dayrep.com,Noirial,Ahni4taiPh,50.675494, 3.31664
Villette Benoit, Tiegemberg,266,5670,Treignes,0485 42 21 48,15/11/2006,VilletteBenoit@rhyta.com,Overnesing,Eiw1iPanie,50.033297, 4.690322
Victorine Tougas, Rue du Centre,495,5680,Matagne-la-Grande,0479 38 98 40,27/1/1991,VictorineTougas@teleworm.us,Fiuman,eeCae5Eeree,50.247885, 4.793646
Élisabeth Plourde, Rue Supexhe,229,2890,Sint-Amands,0497 86 39 91,20/7/2004,ElisabethPlourde@armyspy.com,Olstoord,eidemohm9Bung,51.083703, 4.316782
Élise Petrie, Dijkstraat,303,3740,Eigenbilzen,0492 45 56 50,16/12/1987,ElisePetrie@jourrapide.com,Fornexplas1987,Phi2eih2vuey,50.819782, 5.424718
Vedette Cailot, Rue Henri Lambert,56,6950,Harsin,0479 74 88 52,16/3/1987,VedetteCailot@rhyta.com,Thervill87,See0wainah,50.093378, 5.398259
Raina Chrétien, Route de Baschamps,179,3870,Batsheers,0493 69 98 43,8/2/2002,RainaChretien@armyspy.com,Grid2002,darahDoota5,50.870746, 5.229143
Élisabeth Gilbert, Rue du Cornet,344,6790,Aubange,0474 31 92 42,17/4/1970,ElisabethGilbert@rhyta.com,Sittoss,am1uC8aich,49.557755, 5.861359
Aubine Senneville, Populierenstraat,389,9051,Afsnee,0497 37 60 02,9/3/2003,AubineSenneville@rhyta.com,Pasuded,peP0Iasah4,51.041695, 3.628849
Edmee De La Ronde, Alsembergsesteenweg,233,8620,Nieuwpoort,0482 87 40 32,8/1/1986,EdmeeDeLaRonde@armyspy.com,Ittep1986,aeNgae6ol,51.162984, 2.673548
Clementine Gour, Rue des Laderies,211,7021,Ville-sur-Haine,0478 64 39 25,3/9/1995,ClementineGour@teleworm.us,Hathapasse,aiW1weigi,50.521648, 3.939149
Mireille Favreau, Poolse Winglaan,176,9630,Sint-Maria-Latem,0495 35 01 99,8/1/1966,MireilleFavreau@armyspy.com,Plakend,Yah9teex,50.817542, 3.746681
Frédérique Berthelette, Avenue Emile Vandervelde,268,7090,Ronquières,0486 78 61 23,28/5/1950,FrederiqueBerthelette@armyspy.com,Mustante,xei2Thaejoh7,50.457922, 3.999942
Lucille Poisson, Rue Basse,129,2275,Poederlee,0482 35 74 81,1/7/1975,LucillePoisson@dayrep.com,Nich1975,ohTiech4h,51.327288, 4.778635
Blondelle Lagueux, Excelsiorlaan,377,5560,Mesnil-Saint-Blaise,0472 40 91 36,1/10/1962,BlondelleLagueux@armyspy.com,Nellootiout,BeaXae8Shie,50.139369, 4.902242
Nanna Dastous, Berkendreef,205,7370,Elouges,0491 95 41 96,25/7/1997,NannaDastous@rhyta.com,Proome97,eexoaCaet2,50.490383, 3.728613
Heloise Robitaille, Kasterleesteenweg,181,3020,Veltem-Beisem,0476 20 39 96,17/12/1991,HeloiseRobitaille@jourrapide.com,Facking,Neir4eiga,50.941028, 4.60804
Delphine Couturier, Rue du Chapy,74,3670,Gruitrode,0491 34 80 70,21/3/1997,DelphineCouturier@teleworm.us,Calasts,ahNai5ahl,51.136049, 5.668023
Melusina Pépin, Schietboompleinstraat,435,4217,Lavoir,0487 62 67 74,19/3/1990,MelusinaPepin@teleworm.us,Behise90,zeeWuequ4,50.467402, 5.032684
Olympia Lazure, Rue Fosse Piron,9,7100,Saint-Vaast,0488 27 52 59,26/5/1969,OlympiaLazure@teleworm.us,Liate1969,iX3Aipei5ee,50.462089, 4.241228
Élodie Caron, Rue de la Sarthe,234,3530,Houthalen,0490 24 19 30,19/10/1954,ElodieCaron@teleworm.us,Feeirid,eW6shaet,50.969412, 5.271071
Lucille Charlesbois, Rue de Piétrain,37,6600,Noville,0488 12 47 80,25/2/1992,LucilleCharlesbois@armyspy.com,Wasisange,Yuax7Hoh5ae,50.097618, 5.734209
Alita Blanc, Tienne à Many,190,1785,Hamme,0488 61 12 79,17/5/1980,AlitaBlanc@armyspy.com,Pladithe,Dosh9ohfaiwai,51.038419, 4.297362
Charline Bordeaux, Excelsiorlaan,462,8957,Messines,0479 75 52 29,25/1/1962,CharlineBordeaux@armyspy.com,Firessin,ieVaang9e,50.690529, 2.83421
Ophelia Melanson, Industriestraat,491,5020,Daussoulx,0495 93 65 22,11/10/1969,OpheliaMelanson@armyspy.com,Fented,ieja3Theim,50.603959, 4.809615
Delphine Gregoire, Lambrechtstraat,14,2260,Westerlo,0479 60 40 56,17/12/2004,DelphineGregoire@jourrapide.com,Goodir,caLue1bau,51.144569, 4.846066
Luce Massé, Tiegemberg,9,8820,Torhout,0482 64 99 57,22/7/1975,LuceMasse@jourrapide.com,Prinfoo1975,nah9OoKaec,51.060991, 3.187188
Jacquenett Berie, Langestraat,421,3890,Jeuk,0484 64 40 57,4/2/2002,JacquenettBerie@jourrapide.com,Yons2002,Pood9ahz,50.753667, 5.259912
Xavierre Fecteau, Putstraat,28,6470,Sivry-Rance,0470 21 04 57,30/8/1987,XavierreFecteau@teleworm.us,Amentem87,AWoel8uaf8,50.221203, 4.299727
Delphine Richard, Oostjachtpark,202,7604,Callenelle,0495 73 47 69,14/11/1983,DelphineRichard@dayrep.com,Sumanducke,weeVaimah1,50.548075, 3.615625
Julie Montminy, Rue de Bouillon,470,6840,Grapfontaine,0497 54 05 48,25/12/1975,JulieMontminy@teleworm.us,Prouvide,gee8AephaoGh,49.959348, 5.404373
Adorlee Lepage, Excelsiorlaan,9,3272,Messelbroek,0499 76 04 88,13/8/1976,AdorleeLepage@dayrep.com,Deet1976,Eeshahl5pa9,50.925952, 5.049184
Geneviève Beaulé, Sur les Tailles,419,5150,Floreffe,0487 93 18 06,18/1/1967,GenevieveBeaule@dayrep.com,Trues1967,koh1Eexah3,50.515038, 4.734224
Gabrielle Lambert, Rue du Cornet,179,7040,Asquillies,0473 56 81 57,21/8/1958,GabrielleLambert@armyspy.com,Anet1958,zai0Auphah,50.424355, 3.889238
Marcelle Miron, Rue de Fromelenne,479,9000,Gent,0470 62 08 85,18/12/1980,MarcelleMiron@rhyta.com,Theige,Uahaehi1goo,51.127501, 3.666121
Adrienne Panetier, Oostjachtpark,110,7020,Casteau,0499 23 88 78,22/11/1961,AdriennePanetier@armyspy.com,Hoppen,duyu4yahT,50.417906, 3.874102
Fifine Cartier, Rue des Tanneurs,16,9800,Petegem-aan-de-Leie,0475 87 81 33,25/11/1989,FifineCartier@rhyta.com,Voked1989,ahGh6aev,50.981231, 3.54766
Alice Chassé, Rue du Vert Galant,390,5650,Pry,0498 42 03 65,10/1/1953,AliceChasse@armyspy.com,Froper,efe6ooPie,50.349968, 4.420822
Michèle Chesnay, Hoge Wei,148,5660,Aublain,0478 72 73 19,17/6/1986,MicheleChesnay@armyspy.com,Blaccaton,eiwaiJie3wi9n,50.089017, 4.629096
Favor Brunelle, Rue du Presbytère,222,4530,Vieux-Waleffe,0499 40 28 54,9/11/1984,FavorBrunelle@dayrep.com,Coully,phaG2ieSei6,50.660713, 5.254745
Ormazd Séguin, Rue de Virton,202,4700,Eupen,0482 33 30 64,14/6/1961,OrmazdSeguin@jourrapide.com,Dided1961,quaeMo4ai,50.556561, 5.969729
Yseult Gaillard, Rue du Commerce,466,9550,Woubrechtegem,0477 17 22 25,20/6/1991,YseultGaillard@armyspy.com,Oull1991,agha3Hihah,50.994437, 3.924688
Joanna Vincent, Westdorp,158,4420,Tilleur,0487 53 31 12,30/5/1972,JoannaVincent@dayrep.com,Stine1972,Eidiec5geif,50.639763, 5.567761
Aurore Turgeon, Industrieweg,272,2288,Bouwel,0484 18 95 51,22/5/1994,AuroreTurgeon@rhyta.com,Drier1994,iuShee3ae,51.270555, 4.716854
Faye Durand, Rue de Sy,129,6820,Fontenoille,0475 68 91 29,7/12/1979,FayeDurand@dayrep.com,Inar1979,ChieThaiL0,49.679173, 5.32438
Ambra Beaupré, Bessenveldstraat,378,5580,Mont-Gauthier,0470 73 15 29,24/9/1958,AmbraBeaupre@rhyta.com,Fects1958,Ohy0quo4Ai,50.259918, 5.132693
Oriel Devoe, Rue du Chapy,292,9120,Haasdonk,0492 68 28 13,3/6/1979,OrielDevoe@rhyta.com,Assaings,ooKeeri0,51.169278, 4.223355
Esperanza Cuillerier, Route de Botrange,8,6182,Souvret,0489 20 92 32,19/4/1993,EsperanzaCuillerier@jourrapide.com,Dreaseenown,Xie4oot8,50.391248, 4.385781
Demi Arpin, Rue Supexhe,219,8710,Sint-Baafs-Vijve,0488 58 66 67,4/11/1973,DemiArpin@armyspy.com,Threaske1973,ahGu9zaiz,50.888911, 3.401306
Émilie Mailhot, Rue de la Tannerie,160,3940,Hechtel,0484 20 22 24,16/3/1992,EmilieMailhot@rhyta.com,Clooke,kie3ohSai,51.12099, 5.450601
Alacoque Montminy, Rue du Bourgmestre Dandoy,291,4300,Oleye,0490 10 31 31,20/8/1979,AlacoqueMontminy@rhyta.com,Vaged1979,Bair9uuB,50.737603, 5.329028
Sydney Baril, Drève des Bouleaux,328,9420,Erpe-Mere,0492 93 24 65,22/10/1968,SydneyBaril@armyspy.com,Pearom,Oom9pohk5ej,50.869631, 3.997924
Victoire Mireault, Hooivelden,287,9770,Kruishoutem,0489 16 99 11,23/12/1956,VictoireMireault@teleworm.us,Barten,hasho2eleYo8,50.943441, 3.597344
Roux Vaillancourt, Prinsenstraat,56,6280,Loverval,0474 22 19 76,4/2/1983,RouxVaillancourt@teleworm.us,Affe1983,ieX2Aishoo1,50.456293, 4.511006
Auda Chartier, Grote Baan,445,1880,Kapelle-op-den-Bos,0499 87 21 40,21/4/1990,AudaChartier@armyspy.com,Wereemild1990,ar7Ohvugo,50.939098, 4.327685
Etoile Grondin, Drève des Bouleaux,173,9320,Erembodegem,0470 45 15 66,11/9/1994,EtoileGrondin@dayrep.com,Hithe1994,taivooQua7E,50.999314, 4.071712
Apolline Poirier, Rostsestraat,47,4970,Francorchamps,0486 57 63 23,13/11/1964,ApollinePoirier@dayrep.com,Anduction64,leePe8ahsex,50.353587, 6.03586
Marcelle Bourque, Passiewijk,460,7063,Neufvilles,0491 69 30 89,14/12/1973,MarcelleBourque@teleworm.us,Heddleggliha1973,huilai4Pit4,50.531573, 3.999915
Aurore Bordeaux, Rue de Berloz,266,5590,Conneux,0477 26 80 07,12/11/1988,AuroreBordeaux@dayrep.com,Evehist,Nee7coBeeNie,50.264233, 5.014685
Yseult Briard, Avenue Huart Hamoir,84,4790,Burg-Reuland,0496 96 99 81,10/9/1954,YseultBriard@armyspy.com,Wandrinceen,eVai1ohbohsh,50.239885, 6.129412
Renée Bertrand, Lodorp,80,5374,Maffe,0485 19 84 72,6/2/2001,ReneeBertrand@teleworm.us,Beter2001,Ohxeigho5,50.43246, 5.20587
Susanne Bazin, Grote Baan,156,8956,Kemmel,0480 88 24 08,1/9/1997,SusanneBazin@rhyta.com,Agaithe,aesheaviJ0ie,50.7546, 2.846425
Renée Robert, Heuvenstraat,123,9052,Zwijnaarde,0480 87 43 18,7/2/1980,ReneeRobert@jourrapide.com,Donot1980,UboJuxah0,51.107476, 3.649361
Iva Hébert, Serenade Opus,384,3790,Voeren,0498 61 61 93,7/3/1984,IvaHebert@dayrep.com,Robleguithe,eeGhee2moo,50.713352, 5.744795
Geneviève Angélil, Eikstraat,165,8510,Bellegem,0497 39 91 70,1/10/1958,GenevieveAngelil@armyspy.com,Nakenceral,Dahpah8Koh,50.802091, 3.33066
Fauna Fugère, Booischotseweg,299,6880,Jehonville,0480 84 14 62,29/4/1967,FaunaFugere@rhyta.com,Sook1967,nor6Quie,49.920347, 5.13369
Camille Ricard, Rue des Laderies,444,6461,Virelles,0485 37 24 61,12/2/1960,CamilleRicard@teleworm.us,Snothe,ES4Quee9ei,50.056665, 4.320559
Marthe Godin, Rue de la Rulles,115,5003,Saint-Marc,0491 37 05 23,30/3/1969,MartheGodin@dayrep.com,Foreed69,Ahjoh0Aenah,50.454844, 4.837742
Eloise Chicoine, Rue Supexhe,213,3040,Sint-Agatha-Rode,0472 79 54 33,13/2/1992,EloiseChicoine@armyspy.com,Drythilite,ahbeChe7e,50.834181, 4.546947
Etoile Massé, Ramselsesteenweg,496,2040,Lillo,0491 38 05 85,22/6/1996,EtoileMasse@armyspy.com,Tharted,aa0Loow0ah,51.229463, 4.423599
Clémence Robillard, Stationsstraat,469,8570,Ingooigem,0473 82 02 02,9/11/1990,ClemenceRobillard@dayrep.com,Gostain,ichide1ohC,50.91034, 3.591499
Jeanette Dufour, Lodewijk De Raetlaan,494,4890,Clermont,0477 65 09 49,16/7/1987,JeanetteDufour@dayrep.com,Arps1987,Phah9ahSheng,50.679309, 5.778305
Cher Gabriaux, Rue de Birmingham,90,8600,Diksmuide,0474 41 49 82,17/12/1986,CherGabriaux@rhyta.com,Semnince86,aig3vah1aXee,51.045183, 2.805041
Tilly De La Ronde, Aven Ackers,97,1470,Bousval,0495 33 16 18,9/1/1980,TillyDeLaRonde@dayrep.com,Bous1980,Hie4oF6iw,50.679137, 4.521501
Elita Archambault, Aven Ackers,351,8583,Bossuit,0489 14 15 07,19/4/2006,ElitaArchambault@armyspy.com,Babiless,fe7eQu9ie2oo,50.706453, 3.526203
Zara Bertrand, Schoolstraat,445,4980,Wanne,0477 91 30 94,21/8/1984,ZaraBertrand@jourrapide.com,Simparcity,xa3reHenei,50.277111, 5.829998
Jay Trudeau, Rue Haute,488,3470,St-Margriete,0488 88 86 32,24/9/1996,JayTrudeau@dayrep.com,Whalmoselity1996,AhfeaY5eiz,50.879607, 5.114093
Paulette Bonami, Rue du Presbytère,86,4260,Ville-en-Hesbaye,0482 54 79 64,13/12/1971,PauletteBonami@rhyta.com,Parloo,aiPaitee2v,50.635046, 5.164542
Anne Cliche, Heirstraat,124,7387,Marchipont,0497 37 82 55,20/10/1975,AnneCliche@jourrapide.com,Struelf,OoZ9vooy,50.3225, 3.715511
Dixie Bureau, Route de Neufchateau,64,3530,Helchteren,0470 23 59 16,23/11/1950,DixieBureau@jourrapide.com,Seend1950,Aep1ainoo2bei,50.994549, 5.29735
Prunella Duplessis, Stationsstraat,216,6941,Izier,0483 41 92 93,8/11/1966,PrunellaDuplessis@dayrep.com,Mounaticed,Thu0oonai1,50.321421, 5.609007
Cher Guertin, Rue de Berloz,87,4170,Comblain-au-Pont,0497 36 68 81,14/8/1994,CherGuertin@rhyta.com,Getelon94,thohjeih1Jah,50.464837, 5.512814
Sabine Caya, Rue des Tanneurs,298,4800,Petit-Rechain,0494 32 31 31,8/6/2006,SabineCaya@armyspy.com,Frasmils,choo3OhM,50.577898, 5.881026
Oriel Pelchat, Rue Jean Lorette,235,6500,Thirimont,0471 17 51 65,24/3/1979,OrielPelchat@armyspy.com,Woregainevok,faphae7Eu9P,50.182368, 4.315395
Angelette DeGrasse, Booischotseweg,304,6880,Jehonville,0475 76 45 00,5/6/1963,AngeletteDeGrasse@jourrapide.com,Hatessuce,Voh8ood8aa6ph,49.985733, 5.158855
Laurence Franchet, Rue du Vert Galant,144,8970,Poperinge,0497 68 27 93,17/8/1982,LaurenceFranchet@dayrep.com,Witoodur,duiThoh9ze,50.80212, 2.806582
Fifi Mothé, Hooivelden,94,3850,Kozen,0482 96 95 10,16/7/1987,FifiMothe@teleworm.us,Coulsomest,Oor8quahh,50.896059, 5.285262
Thérèse Routhier, Langestraat,31,6642,Juseret,0499 48 55 58,31/7/1970,ThereseRouthier@dayrep.com,Himered1970,paejahGh9,49.912881, 5.570163
Nicole Chalut, Raas van Gaverestraat,241,7033,Cuesmes,0484 13 00 06,11/1/1996,NicoleChalut@teleworm.us,Dooloverity,cie7Sheshoa,50.375833, 3.985363
Joy Lalonde, Rue Henri Lambert,117,5621,Hanzinelle,0491 40 18 95,12/5/1997,JoyLalonde@rhyta.com,Thordy,ooKeeB5Do2h,50.317012, 4.439469
Edmee Ménard, Rue du Manoir,9,6250,Aiseau-Presles,0480 91 47 40,26/10/1973,EdmeeMenard@armyspy.com,Oushiney,aiNee7Inee,50.44386, 4.51105
Arlette Béland, Rue Bois des Fosses,471,8780,Oostrozebeke,0498 16 54 66,10/2/1977,ArletteBeland@teleworm.us,Falk1977,tiece3ohV,50.824955, 3.305428
Maurelle Foucault, Rue de la Brasserie,13,4560,Pailhe,0478 58 59 72,24/10/1963,MaurelleFoucault@teleworm.us,Pottirldind,ji3Poociefol,50.42795, 5.307531
Frédérique Drouin, Tienne à Many,221,9220,Hamme,0493 70 56 93,26/2/1954,FrederiqueDrouin@dayrep.com,Cland1954,Oofuux7ie,51.0384, 4.194829
Slainie Mailhot, Witbakkerstraat,267,9051,Sint-Denijs-Westrem,0470 31 49 99,31/12/1997,SlainieMailhot@rhyta.com,Nints1997,Nohveewae0,51.117505, 3.723046
Babette Bélanger, Rue Fosse Piron,453,4780,Saint-Vith,0499 77 56 80,27/4/1971,BabetteBelanger@dayrep.com,Hing1971,ahNiequ5bie,50.377276, 6.076637
Linette Labossière, Luchthavenlaan,172,8552,Moen,0497 84 10 73,16/1/1964,LinetteLabossiere@jourrapide.com,Coull1964,eichohwaT8,50.794285, 3.351047
Germaine Bazin, Oostjachtpark,272,6850,Carlsbourg,0497 79 43 73,16/4/1967,GermaineBazin@jourrapide.com,Whimints,shohm2aJ3ith,49.974876, 5.09398
Arnaude Fresne, Rue des Honnelles,290,4652,Xhendelesse,0480 44 78 50,12/9/1952,ArnaudeFresne@jourrapide.com,Thershe,aiW6aiceNgai,50.61509, 5.847931
Clothilde Brunault, Rue de la Sarthe,190,7812,Houtaing,0475 94 47 36,18/7/1994,ClothildeBrunault@armyspy.com,Bult1994,keh9moh7Na3,50.698403, 3.681752
Hilaire Poulin, Place Fayat,335,3746,Hoelbeek,0473 75 70 42,21/7/2000,HilairePoulin@teleworm.us,Therbanstook,aF8iey0th,50.912589, 5.525553
Henriette Mousseau, Bessenveldstraat,147,4420,Montegnée,0497 89 44 06,26/7/1974,HenrietteMousseau@teleworm.us,Tagoink,AhsahSah8Lei,50.606833, 5.4428
Audrey Douffet, Rue de Boneffe,49,3680,Opoeteren,0492 33 20 12,17/10/1984,AudreyDouffet@rhyta.com,Ardect,ahVoo4Eif,51.017207, 5.748685
Arlette Brunelle, Populierenstraat,461,4219,Acosse,0472 51 69 54,30/11/1999,ArletteBrunelle@dayrep.com,Gaverfible,phee6eeShi,50.677171, 4.951971
Aimée Bourget, Rue Dielhère,376,3470,Ransberg,0496 93 29 47,28/3/2003,AimeeBourget@rhyta.com,Youldiong,Ighaiye4hah,50.945567, 5.07561
Honore Paré, Rue de Baras,179,6970,Tenneville,0470 49 31 48,1/5/1963,HonorePare@rhyta.com,Fach1963,ooBaloh2,50.075374, 5.590953
Sabine Bourassa, Rue Bouhouille,462,5030,Sauvenière,0493 36 97 20,21/3/1998,SabineBourassa@dayrep.com,Therstaid,Adahlohc5,50.551243, 4.653374
Annette Longpré, Rue Bois des Fosses,147,8020,Oostkamp,0481 83 30 48,7/1/2002,AnnetteLongpre@teleworm.us,Bacracks,eeCorow6al,51.190694, 3.215405
Laverne Grandpré, Blekersdijk,141,3540,Donk,0472 13 94 64,17/10/1969,LaverneGrandpre@teleworm.us,Slingly,eeChe7UX1vah,51.001305, 5.048944
Christiane Devoe, Rue Supexhe,468,2890,Sint-Amands,0498 16 80 83,1/8/1968,ChristianeDevoe@teleworm.us,Andifulated,keiH1aif0ra,50.987021, 4.195954
Raina Mailhot, Rue Leval,283,5300,Sclayn,0495 77 22 27,22/5/2005,RainaMailhot@armyspy.com,Drood2005,esie7wooK,50.559593, 4.971168
Robinette Duffet, Mandemakersstraat,411,1970,Wezembeek-Oppem,0491 90 03 99,13/4/1969,RobinetteDuffet@jourrapide.com,Equied,Weith5aug,50.901632, 4.487287
Fabienne Cinq-Mars, Rue Grande,382,9860,Balegem,0471 31 36 92,12/9/1953,FabienneCinq-Mars@teleworm.us,Fambireett,jiet1Chei1,50.885848, 3.755271
Clementine Couture, Machelsesteenweg,462,9310,Moorsel,0487 39 73 10,4/5/2005,ClementineCouture@teleworm.us,Donammis,Soh3aeChohh,51.009141, 4.005366
Cerise Berthelette, Heuvenstraat,455,3690,Zutendaal,0499 32 26 75,23/2/1982,CeriseBerthelette@teleworm.us,Ebothe82,eiyowahf3Ee,50.941248, 5.610061
Dorene Doyon, Rue Libert,380,5310,Waret-la-Chaussée,0484 97 27 30,13/3/2007,DoreneDoyon@teleworm.us,Shaticut,aeCh3vooHo,50.659696, 5.018085
Villette Gamache, Route de Neufchateau,83,3440,Helen-Bos,0470 21 35 82,25/1/1958,VilletteGamache@rhyta.com,Fection,ieKaing2po1,50.806081, 5.060544
Brunella Masson, Sur les Tailles,69,4400,Flémalle-Haute,0492 36 27 82,20/10/1967,BrunellaMasson@armyspy.com,Tobile,chie3Ail3t,50.657574, 5.416631
Yolande Jardine, Rue du Cornet,317,6860,Assenois,0497 92 89 12,18/8/2007,YolandeJardine@teleworm.us,Thadons,Cequ8ijamu0,49.775985, 5.683273
Élise Chalut, Chaussée de Tirlemont,143,2880,Weert,0474 26 51 79,21/3/1996,EliseChalut@rhyta.com,Groffirl1996,raesh4Ee,51.18708, 4.331833
Alaine Dionne, Touwslagerstraat,482,9800,Zeveren,0498 10 59 38,3/2/1980,AlaineDionne@dayrep.com,Cony1980,xah6peafuH7,50.996219, 3.676976
Rive Tollmache, Drève des Bouleaux,315,1350,Enines,0471 31 18 74,25/9/1976,RiveTollmache@rhyta.com,Miton1976,phie7oiSh,50.645167, 4.884506
Romaine Bondy, Industriestraat,403,6767,Dampicourt,0491 48 52 25,20/5/1993,RomaineBondy@jourrapide.com,Whistre,xoh4Nuozae3,49.509912, 5.513138
Georgette Sauvé, Rue des Tanneurs,430,9800,Petegem-aan-de-Leie,0470 83 72 54,2/10/1951,GeorgetteSauve@rhyta.com,Sherecomare1951,Eipheo1eig0,51.1063, 3.494549
Cinderella Des Meaux, Rue de Vonêche,118,3840,Gors-Opleeuw,0488 44 95 37,22/6/1965,CinderellaDesMeaux@rhyta.com,Revent2,thahvie7Chie,50.85892, 5.390661
Estelle Marseau, Rue de la Tannerie,180,5537,Haut-le-Wastia,0492 49 02 10,12/7/1986,EstelleMarseau@armyspy.com,Mintwoubity,Ahxozae7ai,50.271467, 4.771327
Alaine Dandonneau, Korte Noordsstraat,148,6833,Ucimont,0484 19 50 90,2/11/1969,AlaineDandonneau@rhyta.com,Siciewhad,eshee3Oh,49.898983, 5.11418
Anne Cuillerier, Rue des Buissons,202,6221,Saint-Amand,0494 94 92 86,7/3/1968,AnneCuillerier@jourrapide.com,Lorntephis,yei6Ein8ahb,50.466224, 4.62653
Claire Lambert, Rue Camille Joset,326,7601,Roucourt,0493 63 48 05,3/12/1997,ClaireLambert@jourrapide.com,Thermand1997,theito2INg,50.567263, 3.682606
Minette Gamache, Rue de Bouillon,92,6960,Grandmenil,0492 83 54 81,6/2/1958,MinetteGamache@armyspy.com,Magned,iiPu8Iegh,50.312407, 5.667604
Nicole Audibert, Rue de Sy,487,6464,Forges,0483 54 56 74,23/5/1974,NicoleAudibert@rhyta.com,Matimprod,goo3Chie,50.147807, 4.250454
Annette Martin, Pierre Delannoyplaats,171,3071,Erps-kwerps,0474 25 55 59,16/5/1956,AnnetteMartin@rhyta.com,Nerove,aeh1Seede9,50.939122, 4.47599
Fifine Duranseau, Rue de Baras,367,4560,Terwagne,0492 37 04 89,17/3/1954,FifineDuranseau@rhyta.com,Forting1954,Bohgae5koh0,50.526536, 5.353883
Agate Berthiaume, Populierenstraat,437,9300,Aalst,0493 36 73 59,31/7/1955,AgateBerthiaume@teleworm.us,Intly1955,Rei3thieh,51.006136, 4.066534
Ormazd Bisson, Rue des Laderies,357,4453,Villers-Saint-Siméon,0486 44 78 28,26/6/1964,OrmazdBisson@teleworm.us,Saings,veisoo7Eij,50.616752, 5.526515
Dorothée Bondy, Rue des Honnelles,240,2990,Wuustwezel,0480 22 93 76,28/10/1966,DorotheeBondy@teleworm.us,Limoughted,eich0haek1Oo,51.396266, 4.721835
Amedee Carrière, Passiewijk,15,3700,Nerem,0483 34 62 50,10/12/1966,AmedeeCarriere@armyspy.com,Fairie,aed0Tie5Sh,50.872385, 5.404507
Agate Monjeau, Hoge Wei,247,5580,Ave-et-Auffe,0480 42 61 31,24/4/1964,AgateMonjeau@teleworm.us,Mintly,AhLoogou1an,50.123764, 5.207489
France Lussier, Rue des Buissons,418,5081,Saint-Denis-Bovesse,0471 59 59 04,20/6/1982,FranceLussier@rhyta.com,Fonly1982,aikohph0Dei,50.555349, 4.844523
Adèle Sirois, Avenue des Sartiaux,226,2610,Wilrijk,0499 24 16 44,8/2/1950,AdeleSirois@rhyta.com,Haptinseele,aimeix8Ai,51.125181, 4.395026
Marveille Beaulac, Linieweg,235,1380,Lasne,0486 12 57 01,30/12/1994,MarveilleBeaulac@teleworm.us,Wituartany,sheiT0phi9,50.615825, 4.411446
Olivie Nadeau, Serenade Opus,292,9400,Voorde,0473 78 19 46,23/10/1976,OlivieNadeau@jourrapide.com,Therequisels,iengeeL6oor,50.940491, 4.106538
Clothilde Labbé, Oostjachtpark,129,7063,Ch.-Notre-Dame-Louvignies,0489 84 93 30,18/11/1960,ClothildeLabbe@armyspy.com,Swervat60,daegaeSau5,50.546903, 4.040942
Harriette Maheu, Chaussée de Wavre,164,6543,Bienne-lez-Happart,0472 87 44 07,5/2/1991,HarrietteMaheu@dayrep.com,Dord1991,pieJae5ca4oh,50.326853, 4.247668
Joséphine Plouffe, Route de Baschamps,464,6500,Barbençon,0483 60 54 49,6/12/2005,JosephinePlouffe@dayrep.com,Hishound,xusha9Roh,50.297335, 4.180789
Phillipa Sauvé, Rue du Bourgmestre Dandoy,335,9520,Oomb,0495 21 11 46,15/6/1976,PhillipaSauve@dayrep.com,Kinmany,EiyeeNuo8,50.859541, 3.853676
Fayme Desruisseaux, Route de Neufchateau,107,2220,Heist-Op-Den-Berg,0479 10 12 48,8/3/2004,FaymeDesruisseaux@rhyta.com,Delly2004,ohg5Dophaip,51.202652, 4.877772
Nanna Cousteau, Molenstraat,453,4630,Soumagne,0476 36 94 46,18/11/2007,NannaCousteau@teleworm.us,Darday,ooCoh0ahfie,50.583392, 5.604958
Julienne Daigneault, Rue de Genville,218,9661,Parike,0492 94 36 67,8/9/1978,JulienneDaigneault@teleworm.us,Anithe,gai2dueK,50.694224, 3.728431
Virginie Paquet, Luchthavenlaan,59,9500,Moerbeke,0486 91 08 73,30/7/1960,VirginiePaquet@rhyta.com,Whippilliam,iera2shuSe,50.776936, 3.900885
Jessamine Sanschagrin, Kerkstraat,121,5030,Beuzet,0487 54 81 36,30/6/1950,JessamineSanschagrin@dayrep.com,Hemand,pheliK0jae,50.580867, 4.753194
Hélène Faure, Rue du Thisnes,167,6987,Rendeux,0473 34 10 40,12/1/1975,HeleneFaure@jourrapide.com,Intond,lei2Kur3lee,50.271696, 5.517312
Damiane Labonté, Dijkstraat,424,1982,Elewijt,0493 43 45 01,5/9/1996,DamianeLabonte@teleworm.us,Theith,Chem5wie0,51.046563, 4.53496
Ermengardi Lauzier, Rue Bois des Fosses,472,3945,Oostham,0499 11 77 04,24/12/1968,ErmengardiLauzier@jourrapide.com,Cognoself,lahai9Dok,51.188409, 5.416754
Elita Lachance, Rue Libert,147,4590,Warzée,0478 24 27 20,26/7/1968,ElitaLachance@dayrep.com,Theigiche,Ohthea9ae,50.408025, 5.441837
Olympia Loiselle, Booischotseweg,87,5100,Jambes,0493 42 40 55,11/3/1976,OlympiaLoiselle@armyspy.com,Hiche1976,ew6Seengak0,50.399529, 4.880679
Natalie Abril, Brixtonlaan,426,4537,Chapon-Seraing,0474 38 89 60,13/9/1967,NatalieAbril@jourrapide.com,Coultoy,joR3iu0ier,50.568567, 5.358727
Margaux Mazuret, Luchthavenlaan,175,3790,Moelingen,0485 51 29 03,18/5/1955,MargauxMazuret@jourrapide.com,Othe1955,mutah7eeV,50.712326, 5.853472
Leala Busque, Putstraat,408,6890,Smuid,0476 92 41 13,15/10/2004,LealaBusque@teleworm.us,Digivoic2004,Jo2oc9eiK,49.948165, 5.222329
Odette Brunelle, Rue de Vonêche,50,5555,Graide,0490 72 39 53,15/4/1979,OdetteBrunelle@rhyta.com,Adving,aemi7koh6Phei,49.99107, 5.103118
Lundy Gingras, Rue Haute,135,4801,Stembert,0487 17 54 28,14/1/1979,LundyGingras@armyspy.com,Whess1979,Eh3angoof,50.583854, 5.902509
Suzette Pirouet, Rue Fouramont,120,3300,Hakendover,0498 93 18 63,21/4/1992,SuzettePirouet@jourrapide.com,Hishly,ohf7aaKeme,50.896804, 4.928084
Charmaine Miron, Raas van Gaverestraat,125,5562,Custinne,0495 77 94 17,30/3/1986,CharmaineMiron@rhyta.com,Ablared,hohC8zoowia,50.14607, 5.023183
Brier Sorel, Sur les Tailles,69,4400,Flémalle-Haute,0491 12 70 68,5/6/1986,BrierSorel@jourrapide.com,Guitterotice,Tei0uj2qu,50.528263, 5.345504
Carine Lécuyer, Rue du Chapy,326,1702,Groot-Bijgaarden,0480 66 72 71,9/2/1972,CarineLecuyer@jourrapide.com,Coging72,chae4Phai0ee,50.822527, 4.255251
Denise Pelletier, Rue Bouhouille,478,9260,Schellebelle,0492 75 67 50,20/12/1972,DenisePelletier@jourrapide.com,Tonse1972,deip6ohChie,50.960863, 3.90809
Marveille Langlois, Rue de la Brasserie,18,3583,Paal,0489 78 33 08,1/9/1995,MarveilleLanglois@rhyta.com,Thatinat,Vohyae6ie,50.968507, 5.142916
Arienne Gosselin, Lodewijk De Raetlaan,153,6810,Chiny,0491 77 56 80,16/6/2004,ArienneGosselin@teleworm.us,Pragnotherse,evu4Thoow,49.665286, 5.334759
Voleta Bonnet, Place Léopold,420,2270,Herenthout,0476 60 29 96,4/4/1987,VoletaBonnet@teleworm.us,Opre1987,Oun3aemi6,51.185001, 4.728529
Villette Potvin, Rue de Berloz,363,5336,Courrière,0481 28 36 12,28/5/1963,VillettePotvin@dayrep.com,Forneadil1963,Gigo3noovei,50.310808, 4.904857
Jeannine Pépin, Tienne à Many,460,1785,Hamme,0499 14 85 64,22/9/1988,JeanninePepin@armyspy.com,Whours,Ia8FaJoo,50.951978, 4.254099
Harriette Courcelle, Witbakkerstraat,473,1742,Sint-Katherina-lombeek,0491 44 39 65,9/1/1998,HarrietteCourcelle@armyspy.com,Fredly,izo2Aephee,50.833534, 4.168802
Amarante Labrosse, Mandemakersstraat,295,3700,Widooie,0480 13 21 68,13/1/1964,AmaranteLabrosse@rhyta.com,Weress2,eeteiQu0,50.766188, 5.429546
Valentine Chenard, Pont du Chêne,455,5542,Blaimont,0492 25 03 63,17/3/1956,ValentineChenard@jourrapide.com,Seliestionce,uuy1Quo9e,50.19674, 4.878958
Dalmace Gauvin, Raas van Gaverestraat,336,5660,Cul-des-Sarts,0499 38 07 01,27/12/1961,DalmaceGauvin@teleworm.us,Hisibut,zieth9Oodie,50.05383, 4.450665
Claire Jardine, Rue du Stade,42,5570,Beauraing,0495 60 00 10,28/12/2002,ClaireJardine@teleworm.us,Proself,Ahwee2beGh,50.063749, 4.979383
Orva Beauchamp, Rue Jean Lorette,62,5502,Thynes,0476 25 85 33,20/7/1980,OrvaBeauchamp@teleworm.us,Leord1980,eucee6jah8U,50.35946, 5.075479
Patricia Sabourin, Rue de Birmingham,206,2100,Deurne,0470 43 01 12,14/7/2002,PatriciaSabourin@dayrep.com,Mexamo,uu6OuSh3ai,51.205091, 4.499799
Cher Auger, Rue de Sy,11,6140,Fontaine-l'Evêque,0489 44 30 82,26/11/1978,CherAuger@armyspy.com,Dianow,uG6phohfai3m,50.407621, 4.338159
Lucille Étoile, Noordstraat,23,7866,Bois-de-Lessines,0490 23 82 82,9/9/1981,LucilleEtoile@jourrapide.com,Elons1981,uzae4aiZa9,50.687689, 3.789438
Fayette Bordeleau, Rue des Campanules,91,7618,Taintignies,0472 50 57 17,3/11/1992,FayetteBordeleau@rhyta.com,Griat1992,ooquae5aiT,50.59244, 3.391336
Adrienne Cailot, Rue du Bienne,352,4340,Othée,0476 88 35 51,27/10/1978,AdrienneCailot@dayrep.com,Wireds78,EeJ4awu5hah,50.725281, 5.535414
Crescent Riquier, Rue du Stade,188,9520,Bavegem,0493 16 92 28,10/4/1994,CrescentRiquier@jourrapide.com,Abires,Eev4eede0h,50.973956, 3.915584
Royale Grivois, Tienne à Many,186,3930,Hamont-Achel,0483 21 70 84,25/10/1957,RoyaleGrivois@teleworm.us,Cipen1957,peefaeVi2,51.245522, 5.556419
Joy Lamoureux, Rue des Ecoles,9,3770,Vlijtingen,0475 43 91 88,14/8/1960,JoyLamoureux@dayrep.com,Deconsenry,ieNgei2einee,50.910468, 5.683117
Belda Mireault, Place Léopold,137,9310,Herdersem,0496 84 34 70,11/7/2000,BeldaMireault@teleworm.us,Wents2000,shoo4aiNoh,50.877623, 4.027837
Azura Desroches, Rue Bois des Fosses,220,9660,Opbrakel,0485 18 19 05,16/10/1971,AzuraDesroches@jourrapide.com,Youreame,Veil8quu,50.902603, 3.711064
Dalmace Chouinard, Drève des Bouleaux,355,9320,Erembodegem,0478 22 47 17,21/3/1979,DalmaceChouinard@jourrapide.com,Reords,shie7Shae,51.005116, 3.970601
Bradamate Asselin, Rue Fosse Piron,216,4780,Saint-Vith,0497 22 91 61,3/11/1995,BradamateAsselin@jourrapide.com,Imme1995,mai0Jaichie,50.258659, 5.966025
Ninette Archambault, Rue du Stade,229,5570,Beauraing,0479 46 74 72,16/12/1967,NinetteArchambault@rhyta.com,Makilds,Ooxoocah4ai,50.057468, 4.883286
Estelle Josseaume, Schoolstraat,399,3401,Walsbets,0477 59 37 40,9/6/2007,EstelleJosseaume@jourrapide.com,Tiese2007,Zeet0ieT2toh,50.712473, 5.019238
Brie Bérubé, Brixtonlaan,191,4537,Chapon-Seraing,0490 16 64 78,12/8/1965,BrieBerube@rhyta.com,Pliteard65,nahthahd0Ei,50.55469, 5.245317
Rosamonde Ménard, Industrieweg,170,2288,Bouwel,0485 87 16 63,17/9/1954,RosamondeMenard@armyspy.com,Thall1954,Iichahdee2,51.128043, 4.628721
Erembourg Rodrigue, Rue de Vonêche,222,3840,Gors-Opleeuw,0496 42 20 85,21/7/1994,ErembourgRodrigue@teleworm.us,Capperes94,eeFeRiez6ul,50.756071,5397
Valérie Tremblay, Hooivelden,110,1950,Kraainem,0496 86 50 25,26/5/1979,ValerieTremblay@rhyta.com,Butial1979,ohNge2vei,50.801473, 4.527507
Victorine Bolduc, Bessenveldstraat,78,3294,Molenstede,0491 76 07 77,23/2/1973,VictorineBolduc@jourrapide.com,Famitenton,nah1Maquohy,50.955894, 5.028362
Comforte Gendron, Rue Jean Lorette,305,6230,Thiméon,0499 62 54 76,23/12/2005,ComforteGendron@dayrep.com,Famannot,ui7eih3Cai,50.394328, 4.500839
Astrid Laliberté, Rue du Cornet,13,3404,Attenhoven,0470 86 71 29,3/6/2007,AstridLaliberte@dayrep.com,Ciage2007,tai2rohM,50.777573, 5.030201
Avelaine Laprise, Industrieweg,138,5590,Braibant,0495 18 48 86,27/1/1990,AvelaineLaprise@dayrep.com,Crulton,Eenie6ji,50.324172, 5.082698
Anaïs Labonté, Rue de Piétrain,70,9681,Nukerke,0497 90 33 54,10/2/1974,AnaisLabonte@jourrapide.com,Timserly,beed4ohCohs,50.763823, 3.625468
Ancelina Pelland, Rue du Pont Simon,458,8570,Anzegem,0494 42 42 03,11/10/1985,AncelinaPelland@dayrep.com,Migniver85,chaHie6sh,50.742747, 3.550772
Mignonette Cormier, Witbakkerstraat,23,8880,Sint-Eloois-Winkel,0495 10 25 52,22/8/1999,MignonetteCormier@armyspy.com,Difewore99,shahbahH3xu,50.836782, 3.129381
Mariette Piedalue, Rue du Presbytère,147,4530,Vieux-Waleffe,0480 23 90 32,2/12/1950,MariettePiedalue@dayrep.com,Idents,Bei4xohmoh,50.514528, 5.192611
Brigitte Parenteau, Schoolstraat,449,5570,Wancennes,0497 31 66 17,22/10/1961,BrigitteParenteau@dayrep.com,Comel1961,Ae6seikae,50.120352, 4.836024
Magnolia Laprise, Rue du Bourgmestre Dandoy,443,7866,Ollignies,0477 37 26 30,18/5/1992,MagnoliaLaprise@teleworm.us,Hincycle,eenu5ue1T,50.639993, 3.821569
Arlette Dumoulin, Rue du Stade,264,5570,Beauraing,0478 73 29 06,15/10/1996,ArletteDumoulin@armyspy.com,Uporly,iz6Aepieh9ei,50.062413, 4.912187
Etoile Charest, Herentalsebaan,190,1200,Brussel,0470 21 08 48,14/11/1972,EtoileCharest@jourrapide.com,Whavereend72,ohR1no3oh,50.800341, 4.461222
Ormazd Sirois, Rue de Berloz,290,5590,Conneux,0472 94 61 21,3/6/1974,OrmazdSirois@teleworm.us,Bessithe,oGovie3wo,50.35598, 4.968263
Agathe Lafrenière, Populierenstraat,171,8660,Adinkerke,0471 63 55 11,19/9/1985,AgatheLafreniere@dayrep.com,Birear,Hap9ooJaX,51.184544, 2.542566
Jacqueline Parrot, Tienne à Many,24,4210,Hannêche,0473 49 03 78,13/2/1991,JacquelineParrot@armyspy.com,Dampacked,ahgh0aeL,50.572891, 5.131499
Jacquenett David, Kapelaniestraat,67,5580,Lessive,0471 11 93 39,9/12/1975,JacquenettDavid@jourrapide.com,Womer1975,Zuexeipu5ph,50.189569, 5.124614
Dixie Pinneau, Industriestraat,491,6020,Dampremy,0490 58 47 09,7/7/1981,DixiePinneau@dayrep.com,Andelf,xah0Fah7ra,50.414547, 4.339406
Yolette LaCaille, Rue Fosse Piron,128,5002,Saint-Servais,0475 33 09 43,2/11/1982,YoletteLaCaille@rhyta.com,Whoseeps,Pak4saingoh,50.392841, 4.860978
Favor Desilets, Rue Leval,54,4100,Seraing,0479 15 10 33,30/11/1969,FavorDesilets@teleworm.us,Sweeprive,Oow3Iewaez,50.579857, 5.53373
Fifine Despins, Rue du Cornet,263,6790,Aubange,0478 94 03 34,7/5/1988,FifineDespins@dayrep.com,Theded,eyaiZaph4ee,49.490875, 5.701423
Laure Marcoux, Rue de Bouillon,198,1850,Grimbergen,0489 24 87 47,22/5/1952,LaureMarcoux@rhyta.com,Truithe,Vae2RohPh,50.835791, 4.483007
Raison Dostie, Eikstraat,348,1730,Bekkerzeel,0493 40 65 22,15/2/1976,RaisonDostie@dayrep.com,Whigelp2,uu0ahPahX1,50.881703, 4.21689
Ancelina Labossière, Rue de Fontigny,341,2820,Rijmenam,0489 26 50 53,30/12/1997,AncelinaLabossiere@armyspy.com,Placrour,ab2eeNgoh,51.084735, 4.516978
Viollette Montminy, Perksesteenweg,301,5620,Morville,0492 54 66 72,24/4/1996,ViolletteMontminy@teleworm.us,Leck1996,Ou2aiceo0ro,50.328033, 4.771924
Claire Tardif, Hooivelden,351,7080,Bouverie,0493 14 98 06,8/6/1988,ClaireTardif@rhyta.com,Pectim,ocootai5Pie,50.487584, 3.857897
Alexandrie Dubois, Rue du Bois Colau,445,5555,Oizy,0499 68 66 34,30/8/1957,AlexandrieDubois@dayrep.com,Ersay1957,Cing0goroh,49.931851, 5.162607
Ancelina Petrie, Serenade Opus,147,3080,Vossem,0486 64 50 44,9/10/1970,AncelinaPetrie@jourrapide.com,Eingthishe,eiheZ3ooBi,50.902732, 4.606013
Brier Cantin, Avenue des Sartiaux,101,3370,Willebringen,0489 48 67 69,3/9/1971,BrierCantin@teleworm.us,Anite1971,quezai4eiM9a,50.888459, 4.816024
Blanche Bonneville, Rue du Bienne,464,7804,Ostiches,0483 15 08 25,21/9/1992,BlancheBonneville@armyspy.com,Dould1992,ash6ohxohSh,50.7719, 3.830247
Holly Pellerin, Rue du Château,15,4600,Lixhe,0486 71 23 06,3/8/1959,HollyPellerin@jourrapide.com,Farturen,len3Aekael,50.69793, 5.712785
Antoinette Laurent, Place Fayat,302,3730,Hoeselt,0480 76 17 59,26/7/1958,AntoinetteLaurent@armyspy.com,Munchon,fien1Yoo1,50.80182, 5.539011
Constance Dupuis, Rue de Vonêche,92,4300,Grand-Axhe,0481 66 55 54,1/8/1960,ConstanceDupuis@teleworm.us,Felonfuld,iegoMaish9D,50.714655, 5.316114
Antoinette Tougas, Rue des Laderies,437,6461,Virelles,0489 20 05 94,29/5/1981,AntoinetteTougas@teleworm.us,Drathe,AeNgot3aepae,50.157029, 4.412965
Adorlee Tardif, Ringlaan,148,2570,Duffel,0481 69 20 50,3/6/1989,AdorleeTardif@dayrep.com,Humothisent,ooD4eeth0c,51.153841, 4.55421
Dominique L'Anglais, Rue Engeland,289,7730,Néchin,0491 98 51 82,19/8/1983,DominiqueLAnglais@rhyta.com,Hatiere,ooSh4EeTh,50.796134, 3.234956
Danielle Deniger, Route de Neufchateau,226,3530,Helchteren,0497 78 07 26,13/1/2006,DanielleDeniger@dayrep.com,Acto2006,Chee5oojihie,51.105538, 5.366955
Searlait Gadbois, Bessenveldstraat,339,3890,Montenaken,0486 88 13 00,8/5/1952,SearlaitGadbois@armyspy.com,Dirld1952,aweex1ahVah,50.739057, 5.143455
Odette Primeau, Rue du Chapy,136,8560,Gullegem,0471 16 06 59,11/2/1969,OdettePrimeau@jourrapide.com,Hileace,oC1sieNg7iet,50.843197, 3.216134
Brunella Du Trieux, Rue Fosse Piron,405,5600,Samart,0472 50 87 34,13/10/1972,BrunellaDuTrieux@dayrep.com,Ancend,OoTua0heef7,50.21811, 4.59497
Capucine Béland, Molenstraat,413,4920,Sougné-Remouchamps,0484 36 63 73,12/12/1988,CapucineBeland@dayrep.com,Movervicands,Sa5die8nee,50.514212, 5.682956
Caroline LaCaille, Industriestraat,204,6767,Dampicourt,0495 81 17 54,16/4/1950,CarolineLaCaille@rhyta.com,Fesse1950,eireng1Qu,49.48989, 5.5539
Merci Brasseur, Blekersdijk,145,5530,Dorinne,0485 35 35 99,1/6/1982,MerciBrasseur@jourrapide.com,Mospe1982,baisheGah8o,50.27266, 4.962069
Nanna Monty, Kasterleesteenweg,329,6640,Vaux-sur-Sûre,0498 38 21 36,13/10/2004,NannaMonty@rhyta.com,Shmisting,Viushohqu9,49.842135, 5.518546
Cher Chabot, Rue de Birmingham,291,2480,Dessel,0492 62 42 97,9/11/1979,CherChabot@teleworm.us,Beentive79,cahngaeCh2s,51.229315, 5.201742
Damiane Tremblay, Eikstraat,442,7170,Bellecourt,0483 42 53 22,11/7/1969,DamianeTremblay@dayrep.com,Notints1969,Potunu8IeMu,50.576563, 4.271311
Didiane Narcisse, Hooivelden,108,3890,Kortijs,0498 38 27 84,20/9/1964,DidianeNarcisse@jourrapide.com,Tross1964,Ko7Bei9ahzi,50.806995, 5.324255
Laurette Leroy, Stationsstraat,272,8691,Izenberge,0472 77 42 00,21/7/1997,LauretteLeroy@dayrep.com,Hintrues,oi5El6Ao5yah,50.946508, 2.731029
Galatee Fongemie, Strepestraat,296,6767,Lamorteau,0471 11 71 83,29/10/1968,GalateeFongemie@jourrapide.com,Pase1968,AlahT6buidai,49.538912, 5.465354
Eulalie Petrie, Rue Haute,52,3470,St-Margriete,0471 37 82 22,22/9/1996,EulaliePetrie@rhyta.com,Fivent,ri5Oo4gae1,50.88014, 5.068864
Halette Lampron, Boulevard General Wahis,26,6120,Nalinnes,0498 25 11 75,17/3/1951,HaletteLampron@rhyta.com,Goinat,Iv8aecoeTo,50.499916, 4.316962
Olympia Noël, Rue de Birmingham,427,8720,Dentergem,0494 36 74 98,15/5/1998,OlympiaNoel@dayrep.com,Thavou98,Pheezah6ei,51.026865, 3.486806
Michèle Beaulieu, Rue de Vonêche,405,6181,Gouy-lez-Piéton,0495 12 32 31,9/5/1993,MicheleBeaulieu@armyspy.com,Dausay,Ig6ohN5Xai1,50.555276, 4.458266
Patrice Casgrain, Industriestraat,199,5020,Daussoulx,0483 98 64 20,13/2/1975,PatriceCasgrain@rhyta.com,Agettle,daib0Caesh,50.482237, 4.802652
Albracca Briard, Amerveldstraat,304,5560,Houyet,0490 94 17 05,13/6/1974,AlbraccaBriard@dayrep.com,Herus1974,uPai4kiofah,50.107939, 4.986989
Fayme Marcoux, Rue du Bourgmestre Dandoy,323,4300,Oleye,0496 68 10 28,25/10/1970,FaymeMarcoux@dayrep.com,Laus1970,Pei4as8och,50.672741, 5.305642
Olympia Leclair, Lambrechtstraat,453,2390,Westmalle,0495 11 72 21,16/10/1994,OlympiaLeclair@rhyta.com,Pilthand,iViiquaa7,51.208223, 4.694664
Amedee Leroy, Rue des Tanneurs,376,5555,Petit-Fays,0476 89 66 76,21/3/1954,AmedeeLeroy@rhyta.com,Fugh1954,eer6Eijequo,50.007534, 4.971207
Sibyla Jodoin, Rue du Moulin,355,7120,Fauroeulx,0488 30 39 80,2/6/1964,SibylaJodoin@teleworm.us,Healf1964,aeBahh6ofoh,50.342063, 4.103169
Astrid Avare, Rue Grande,413,5377,Baillonville,0491 57 83 06,2/6/2005,AstridAvare@armyspy.com,Faceing,ui5phieNg,50.395634, 5.400691
Ermengardi Landry, Noordstraat,470,9961,Boekhoute,0470 89 43 82,8/2/1992,ErmengardiLandry@rhyta.com,Sagent,iekeCho6ph,51.196556, 3.802585
Patrice Paré, Rue Fosse Piron,75,1370,Saint-Remy-Geest,0491 16 30 42,20/6/1952,PatricePare@rhyta.com,Dranch52,Ahre3dievoh,50.687637, 4.927318
Kari Lagrange, Noordstraat,485,2820,Bonheiden,0490 10 82 03,14/9/1974,KariLagrange@dayrep.com,Larm1974,Moh7Bea7Ph,51.000336, 4.454312
Vignette Routhier, Rue Bois des Fosses,424,8400,Oostende,0485 66 14 33,17/4/1964,VignetteRouthier@jourrapide.com,Hurp1964,up3iSh9looth,51.272993, 2.937761
Louise Duclos, Rue du Monument,242,5520,Anthée,0470 21 64 45,19/10/1961,LouiseDuclos@armyspy.com,Harizzy,Jah0Ixumee,50.297658, 4.869668
Josephe Pouliotte, Rue de la Brasserie,168,3583,Paal,0472 84 20 60,13/4/2002,JosephePouliotte@teleworm.us,Dessentonte,Vo9woh6Neiy6,51.113381, 5.202736
Cécile Hébert, Ringlaan,397,6860,Ebly,0485 27 46 10,16/5/1954,CecileHebert@jourrapide.com,Shmer1954,oesu4Cierai,49.946623, 5.695647
Roux Desnoyers, Rue du Commerce,219,6860,Witry,0479 92 86 37,19/6/1970,RouxDesnoyers@jourrapide.com,Agand1970,cieb3leH,49.851645, 5.638441
Logistilla Sciverit, Rue Bois des Fosses,218,9340,Oordegem,0498 93 25 22,16/8/1964,LogistillaSciverit@jourrapide.com,Wruch1964,ahVo7shueCie,50.884257, 4.072622
Corinne Jardine, Excelsiorlaan,50,8957,Messines,0472 98 82 11,20/9/1989,CorinneJardine@teleworm.us,Steris,iegh2Aaghu,50.680505, 2.961826
Hilaire Larivière, Molenstraat,91,7060,Soignies,0471 45 71 38,28/12/1985,HilaireLariviere@rhyta.com,Hilen1985,aDohN6Eetoh,50.547856, 4.093036
Durandana Quenneville, Lodewijk De Raetlaan,440,7521,Chercq,0487 51 45 96,26/1/1956,DurandanaQuenneville@jourrapide.com,Wiford56,Chaife2shi,50.637899, 3.349463
Clothilde Mothé, Ramselsesteenweg,207,4254,Ligney,0493 11 01 62,25/10/1954,ClothildeMothe@rhyta.com,Woming,aeQu7oel3ra,50.610324, 5.147933
Chantal Fluet, Rue Supexhe,205,9550,Sint-Antelinks,0495 33 51 39,24/1/1991,ChantalFluet@teleworm.us,Scas1991,zaCa5shaa,50.91366, 3.757618
Sibyla Pelletier, Machelsesteenweg,463,7387,Montignies-sur-Roc,0496 68 47 95,3/3/1958,SibylaPelletier@teleworm.us,Becove1958,Iekie0Ph,50.459185, 3.577503
Natalie Chnadonnet, Putstraat,450,8690,Sint-Rijkers,0491 95 14 25,29/12/1979,NatalieChnadonnet@teleworm.us,Theyes,ieH7ajoRoh,51.054006, 2.733554
Viollette Berthiaume, Stationsstraat,93,8691,Izenberge,0475 69 91 24,25/7/1983,ViolletteBerthiaume@armyspy.com,Woughts1983,eeS5EeyaiF,51.022617, 2.620546
Mavise Mercure, Rue des Campanules,196,5600,Surice,0486 44 07 91,14/4/2001,MaviseMercure@teleworm.us,Oncents,Of1aow4Faet,50.157663, 4.573173
Amedee Duhamel, Langestraat,13,3293,Kaggevinne,0472 27 14 98,4/7/1957,AmedeeDuhamel@rhyta.com,Fest1957,Ul3Pe9vie,51.005148, 4.95767
Agnès LaCaille, Rue Henri Lambert,86,7022,Harmignies,0484 56 56 52,29/4/1998,AgnesLaCaille@dayrep.com,Bitheirstake,Beuf6Eej8aa,50.360246, 3.855747
