Scoville Desaulniers, Eikstraat,213,5001,Belgrade,0490 96 31 97,23/8/1989,ScovilleDesaulniers@dayrep.com,Manotty,EiG3chai9,50.430201, 4.870744,
Benjamin Fecteau, Sur les Tailles,196,4540,Flône,0471 94 65 24,6/12/1983,BenjaminFecteau@jourrapide.com,Forefird,Jee8thuva,50.471764, 5.322295,
Chappell Forest, Blancefloerlaan,116,3891,Borlo,0488 52 39 06,29/1/1970,ChappellForest@jourrapide.com,Ponever,poof0boh7G,50.821012, 5.256679,
Chappell Chesnay, Poolse Winglaan,106,9630,Sint-Maria-Latem,0487 81 38 97,2/8/1961,ChappellChesnay@jourrapide.com,Prinfeards,ied3suaQu,50.929427, 3.694086,
Romain Boutot, Lange Elzenstraat,404,1043,Brussel,0499 45 18 84,16/1/1967,RomainBoutot@jourrapide.com,Rainkinste,aes6Taikiaf,50.932032, 4.376176,
D'Arcy Robillard, Rue du Manoir,2,6250,Aiseau-Presles,0483 38 52 75,29/7/1990,DArcyRobillard@dayrep.com,Agantiched,zah4Aul0Nai,50.373393, 4.605017,
Davet Chartier, Mandemakersstraat,229,1970,Wezembeek-Oppem,0491 71 78 97,16/6/1975,DavetChartier@jourrapide.com,Thencass,Oof8waek,50.842153, 4.513034,
Lyle Barjavel, Oostjachtpark,498,5561,Celles,0475 91 36 11,15/9/1968,LyleBarjavel@jourrapide.com,Lighat1968,eengahM6Oh,50.212983, 5.07776,
Fitz Fréchette, Alsembergsesteenweg,216,9320,Nieuwerkerken,0481 89 64 16,13/5/2004,FitzFrechette@teleworm.us,Honew2004,ahf3faFa3i,50.849576, 4.058607,
Saville Rodrigue, Rue de Boneffe,222,3630,Opgrimbie,0477 81 08 32,17/9/2002,SavilleRodrigue@teleworm.us,Thoody02,aeh0Noocie,51.023173, 5.667933,
Granville Jomphe, Rue de la Poste,342,4610,Queue-du-Bois,0492 30 69 92,4/2/2005,GranvilleJomphe@teleworm.us,Hopmend,Zah2ixoo,50.633796, 5.671514,
Henri Arnoux, Orchideeenlaan,409,9820,Merelbeke,0498 10 81 08,17/4/1954,HenriArnoux@rhyta.com,Canothed,eeG4ahchiu,50.907138, 3.682229,
Soren Lacharité, Luchthavenlaan,277,2322,Minderhout,0477 83 98 53,30/10/1959,SorenLacharite@rhyta.com,Cous1959,heeXahh2xui,51.35417, 4.693164,
Jérôme Galarneau, Putstraat,266,1600,Sint-Pieters-Leeuw,0482 67 23 10,26/3/2000,JeromeGalarneau@dayrep.com,Taints,quahS5efo,50.833969, 4.142016,
Fiacre Austin, Rue Haute,84,4987,Stoumont,0473 66 22 81,6/12/1985,FiacreAustin@teleworm.us,Cratintly,ohGh7iexa8,50.381889, 5.796457,
William Lemaître, Ringlaan,26,8600,Driekapellen,0496 60 81 79,19/7/1960,WilliamLemaitre@teleworm.us,Quarearce,Ogh4eo2too,51.039541, 2.843923,
Rémy Ferland, Rue du Chapy,439,7950,Grosage,0483 62 84 70,22/1/2003,RemyFerland@teleworm.us,Youngs03,Nai4oxee,50.514722, 3.88877,
Yvon Davignon, Westdorp,310,3300,Tienen,0473 39 49 08,15/5/1987,YvonDavignon@armyspy.com,Honer1987,Zee4ingi,50.739033, 5.033349,
Javier Asselin, Tiegemberg,166,1457,Tourinnes-Saint-Lambert,0486 12 70 51,23/5/2004,JavierAsselin@jourrapide.com,Icund2004,ooP8woo9wiem,50.748117, 4.622432,
Clovis Deblois, Bessenveldstraat,226,5555,Monceau-en-Ardenne,0492 44 93 06,23/11/1957,ClovisDeblois@rhyta.com,Tues1957,aehahC1iM,50.031775, 4.99167,
Gradasso Joly, Boulevard General Wahis,436,9630,Munkzwalm,0472 31 38 90,10/11/2003,GradassoJoly@jourrapide.com,Trought,iYobo8AiF,50.878124, 3.809106,
Eugène Trépanier, Rue de Sy,27,6596,Forge-Philippe,0498 55 67 82,24/2/1954,EugeneTrepanier@rhyta.com,Forrich,Nome3nai,49.949304, 4.239541,
Gill Berthiaume, Rue des Tanneurs,70,5600,Philippeville,0477 47 42 57,30/12/1988,GillBerthiaume@armyspy.com,Usind1988,deungahCh9za,50.156259, 4.484643,
Arnou Duffet, Mandemakersstraat,154,2235,Westmeerbeek,0483 60 56 59,12/12/1972,ArnouDuffet@rhyta.com,Obeft1972,Cooh8ex1uic,51.164961, 4.843065,
Didier Foucault, Avenue des Sartiaux,196,7904,Willaupuis,0471 29 00 63,18/5/1994,DidierFoucault@jourrapide.com,Thled1994,uw9Koh0ai,50.495176, 3.720772,
Dominic Champagne, Rue de Liège,121,6840,Longlier,0490 72 97 27,6/2/1959,DominicChampagne@teleworm.us,Ceshounce,de1Ui0ee,49.912044, 5.415882,
Ernest Léveillé, Route de Botrange,1,6182,Souvret,0489 12 86 71,10/3/1965,ErnestLeveille@dayrep.com,Guile1965,Ie4Ookee,50.48608, 4.457453,
Gabriel Harquin, Rue de Liège,54,3920,Lommel,0479 59 05 80,8/8/1957,GabrielHarquin@teleworm.us,Dideved,zohsh7Pah,51.331543, 5.362169,
André Moreau, Rue de la Sarthe,240,6990,Hotton,0476 54 39 16,5/2/1990,AndreMoreau@armyspy.com,Fenly1990,Oge6IeY4oo,50.235405, 5.354792,
Antoine Grondin, Rue du Thisnes,119,6210,Rèves,0475 49 63 49,26/12/1988,AntoineGrondin@teleworm.us,Mounfem,Eem5noo2,50.525315, 4.381697,
Matthieu Binet, Rue du Moulin,380,4347,Fexhe-le-Haut-Clocher,0498 77 01 36,13/4/2002,MatthieuBinet@dayrep.com,Larm2002,eis2OoChee2,50.743878, 5.356521,
Huon Simard, Rue du Vert Galant,112,8972,Proven,0493 34 02 61,22/1/1968,HuonSimard@armyspy.com,Herece,AeceeLei2ie,50.822811, 2.709284,
Byron Guilmette, Korte Noordsstraat,395,2300,Turnhout,0499 82 94 06,19/11/1963,ByronGuilmette@armyspy.com,Thinnot,uxi0uy4Fi,51.362029, 4.906139,
Maurice Daigneault, Rue de Vonêche,182,4280,Grand-Hallet,0475 64 18 08,14/9/1969,MauriceDaigneault@rhyta.com,Sompores,foo1Eozeipe,50.672222, 5.082577,
Loring Crête, Boulevard General Wahis,434,5000,Namur,0499 43 48 82,26/6/1971,LoringCrete@dayrep.com,Frodue,Woobak2meic,50.388298, 4.961235,
Donatien Perrault, Noordstraat,295,9961,Boekhoute,0473 28 45 27,30/7/2002,DonatienPerrault@armyspy.com,Younly02,Fu0jesh6Th,51.259651, 3.779964,
Franck Quenneville, Industrieweg,168,7604,Brasmenil,0498 52 53 82,7/10/1994,FranckQuenneville@teleworm.us,Rivery,Aet7ooPasohk,50.475177, 3.642917,
Gilbert Loiseau, Rostsestraat,176,5650,Fraire,0477 39 01 31,19/3/1962,GilbertLoiseau@rhyta.com,Bleenter,caiYoo1bah,50.258451, 4.447945,
Sumner Majory, Aven Ackers,206,9552,Borsbeke,0484 27 47 20,12/11/1989,SumnerMajory@dayrep.com,Beivieve1989,oaHai0sah,50.821641, 3.868791,
Sennet Audibert, Blekersdijk,135,1700,Dilbeek,0494 87 46 59,16/8/1998,SennetAudibert@armyspy.com,Therelies,Oorah5tei,50.809028, 4.181697,
Vail Poirier, Jagerij,73,3630,Meeswijk,0498 85 31 57,3/9/1986,VailPoirier@teleworm.us,Mothesseze,tahpiNie8,50.992887, 5.740635,
Astolpho Patenaude, Rue de la Sarthe,447,5563,Hour,0471 19 67 72,19/5/1994,AstolphoPatenaude@rhyta.com,Hibed1994,as9eY5thioP,50.189077, 5.036405,
Marlon Lang, Korte Noordsstraat,89,8490,Varsenare,0480 43 97 10,9/4/1976,MarlonLang@jourrapide.com,Notilen1976,phue3eM8oh,51.156915, 3.135392,
Vachel Marceau, Rue de Piétrain,444,7743,Obigies,0496 76 39 33,27/8/1996,VachelMarceau@armyspy.com,Wroke1996,AiK4aigoo,50.727882, 3.301343,
Laurent Baron, Rue du Bourgmestre Dandoy,457,4252,Omal,0493 29 60 45,30/3/1973,LaurentBaron@jourrapide.com,Tourield,usel8Nahn,50.659201, 5.208432,
Avent Barrientos, Raas van Gaverestraat,30,8890,Dadizele,0497 20 73 54,27/7/1999,AventBarrientos@jourrapide.com,Higuen1999,oobeiqu5U,50.793169, 3.004392,
Gano Aupry, Rue du Thisnes,327,4600,Richelle,0479 98 34 53,1/1/1954,GanoAupry@dayrep.com,Seaspicea54,ul6eec4Yah,50.841804, 5.64603,
Beltane Courtois, Ramselsesteenweg,380,4000,Liège,0488 27 55 75,19/5/1956,BeltaneCourtois@armyspy.com,Fighthe,Phu1Gith7,50.671752, 5.627566,
Namo Baron, Bessenveldstraat,32,3461,Molenbeek-Wersbeek,0494 39 47 73,13/2/1970,NamoBaron@dayrep.com,Twel1970,Osae2eic,50.964807, 4.880142,
Tyson Ouellet, Perksesteenweg,275,7812,Moulbaix,0498 28 45 02,25/6/1964,TysonOuellet@jourrapide.com,Uncess,quaw5OhM,50.637459, 3.691923,
Christophe Lamour, Hoge Wei,270,8580,Avelgem,0493 39 54 97,4/2/1958,ChristopheLamour@jourrapide.com,Wommant,Kuu9bayeexai,50.862838, 3.41877,
Vincent Huot, Rue de Piétrain,468,9681,Nukerke,0494 45 33 71,30/1/1957,VincentHuot@teleworm.us,Virinarlecou,aeVee1Ha,50.883442, 3.554318,
D'Arcy Quinn, Rue du Bienne,181,3350,Orsmaal-Gussenhoven,0472 61 94 03,27/3/1972,DArcyQuinn@armyspy.com,Oblie1972,Igoeshu9a,50.751335, 5.029364,
Roger Marchesseault, Rostsestraat,71,5504,Foy-Notre-Dame,0470 90 59 49,22/11/2006,RogerMarchesseault@dayrep.com,Blecliked,xeejeeng4Ai,50.273895, 4.993636,
Octave Daigneault, Rue du Presbytère,364,5630,Villers-Deux-Eglises,0487 49 38 27,2/11/1982,OctaveDaigneault@rhyta.com,Tueret,AeZ3yiathech,50.167187, 4.312597,
Thomas Mathieu, Rue des Tanneurs,201,9800,Petegem-aan-de-Leie,0494 80 18 15,5/12/2003,ThomasMathieu@rhyta.com,Threangster,ii6EithaeGh,51.062808, 3.654282,
Vallis Chesnay, Blekersdijk,9,1370,Dongelberg,0483 96 12 80,12/5/1958,VallisChesnay@rhyta.com,Plegelone,Iezee1Moo0E,50.725153, 4.811508,
Courtland René, Eikstraat,230,4960,Bellevaux-Ligneuville,0488 11 41 41,11/2/1989,CourtlandRene@armyspy.com,Nothout,Ee3eequi1gei,50.366242, 6.069955,
Kerman Jolicoeur, Route de Baschamps,280,6600,Bastogne,0470 42 41 38,10/6/1982,KermanJolicoeur@rhyta.com,Begist,Ex8jahn9aoX,50.090241, 5.931117,
Zerbino Laurent, Heirstraat,317,5380,Marchovelette,0472 38 22 82,14/10/1957,ZerbinoLaurent@rhyta.com,Aliers,yooXok8Johk,50.467142, 5.040763,
Gill Robert, Prinsenstraat,157,3680,Maaseik,0476 86 68 36,29/6/2003,GillRobert@dayrep.com,Agaim2003,aik6ooPhei7,51.181132, 5.73694,
Sargent Boncoeur, Kapelaniestraat,119,3630,Leut,0476 10 82 50,21/5/1959,SargentBoncoeur@teleworm.us,Stioner,aFoh1fo0oh,50.95842, 5.674511,
Adrien Dupuis, Rue du Thisnes,379,3950,Reppel,0493 73 20 61,21/8/1973,AdrienDupuis@rhyta.com,Postre,Ahz1uyohg7,51.210312, 5.564642,
Langley Lemaître, Orchideeenlaan,282,4837,Membach,0498 71 66 49,7/9/1955,LangleyLemaitre@jourrapide.com,Seencesoney55,eu3puo5Oo,50.585973, 6.006742,
Soren Mailly, Sur les Tailles,95,7012,Flénu,0471 16 97 20,30/3/2002,SorenMailly@dayrep.com,Plualked,omie9aeY5,50.501487, 3.949223,
Auriville Durepos, Rue du Manoir,455,5544,Agimont,0476 60 36 10,6/9/1995,AurivilleDurepos@jourrapide.com,Hance1995,VaiCh5fie,50.162083, 4.780206,
Tanguy Garcia, Eikstraat,336,3460,Bekkevoort,0492 74 18 56,12/10/1984,TanguyGarcia@rhyta.com,Graing84,hov5EuY8w,50.982849, 4.984676,
Hugues Harquin, Rue du Bienne,304,4210,Oteppe,0477 64 70 39,27/1/2006,HuguesHarquin@jourrapide.com,Andutimmose06,shaGhe2l,50.655162, 5.054191,
Yves Levasseur, Industrieweg,207,4990,Bra,0481 50 91 89,25/6/1958,YvesLevasseur@jourrapide.com,Beffers,Ca6piBaex9dai,50.223621, 5.718048,
Marsilius Collin, Perksesteenweg,401,5190,Moustier-sur-Sambre,0485 60 34 87,3/2/1997,MarsiliusCollin@dayrep.com,Bobselp,eephohhiPa7,50.397509, 4.894813,
Charlot Brisebois, Industriestraat,412,4253,Darion,0493 20 93 29,14/1/1953,CharlotBrisebois@rhyta.com,Cama1953,mai4Ebei,50.634263, 5.175817,
Fabrice Audet, Kerkstraat,256,6880,Bertrix,0484 94 92 45,4/9/1952,FabriceAudet@teleworm.us,Shartair,wimaG6vai6ei,49.942192, 5.118608,
Landers Lamour, Alsembergsesteenweg,270,3850,Nieuwerkerken,0498 55 52 28,25/5/1997,LandersLamour@dayrep.com,Bassome97,Xu4iu8ooh,50.8103, 5.18292,
Platt Plante, Chaussée de Wavre,367,4831,Bilstain,0482 92 34 78,24/7/1967,PlattPlante@armyspy.com,Justantrind,ii4Eepiu,50.576206, 5.953074,
Isaac Boisclair, Lambrechtstraat,92,4190,Werbomont,0479 16 94 33,14/4/2006,IsaacBoisclair@armyspy.com,Boodsom,vei6OR4oh,50.380722, 5.513901,
Roland Charette, Lodorp,12,6960,Malempré,0477 92 50 27,19/10/1970,RolandCharette@armyspy.com,Ficks1970,Ola9eox1boh,50.36443, 5.747657,
Thibaut Auger, Rue du Manoir,155,4770,Amblève,0499 49 38 04,16/9/1975,ThibautAuger@armyspy.com,Frot1975,OQueelah6,50.334494, 6.285638,
Chandler Covillon, Machelsesteenweg,436,1435,Mont-Saint-Guibert,0492 74 56 96,5/10/1989,ChandlerCovillon@jourrapide.com,Ruday1989,Uwuakeej1Qu,50.654987, 4.580984,
Iven Lamy, Avenue Emile Vandervelde,347,3370,Roosbeek,0498 81 70 17,26/1/1960,IvenLamy@jourrapide.com,Bentarast60,Eeth0ongie,50.906383, 4.794597,
Legget Chandonnet, Rostsestraat,332,3792,Fouron-Saint-Pierre,0477 10 22 22,27/9/2004,LeggetChandonnet@teleworm.us,Weress,yei8aXooP,50.698404, 5.874194,
Felicien Franchet, Rue de la Brasserie,434,9290,Overmere,0484 63 26 88,4/8/1965,FelicienFranchet@dayrep.com,Wilgre,hu1zeDee,51.130905, 3.959083,
Porter Clément, Rue du Vert Galant,430,2243,Pulle,0491 21 76 05,7/3/1982,PorterClement@teleworm.us,Theriest,ique7Jue9Qu,51.108445, 4.700437,
Benoît Dodier, Rue du Commerce,62,8600,Woumen,0472 27 80 64,19/5/1994,BenoitDodier@rhyta.com,Squeding,Aizei1eo5Ph,51.196318, 2.935811,
Maurice Beauchamp, Rue du Bourgmestre Dandoy,365,5670,Olloy-sur-Viroin,0477 36 12 36,18/12/1960,MauriceBeauchamp@dayrep.com,Dieve1960,ethee0Soroo,50.132964, 4.639039,
Aubin Legault, Rue de Fontigny,257,1330,Rixensart,0498 56 02 16,16/11/1963,AubinLegault@armyspy.com,Gree1963,hoghoh3uNu,50.679719, 4.460075,
Odo Quiron, Rue de Baras,443,9140,Temse,0482 26 72 79,28/5/1995,OdoQuiron@armyspy.com,Heyerinty,oja0coovaSe,51.052197, 4.241237,
Patrick Tardif, Route de Neufchateau,282,8587,Helchin,0481 10 86 85,17/7/1988,PatrickTardif@rhyta.com,Parme1988,uuf4see1Ei,50.649432, 3.317732,
Gradasso Jodion, Rue du Centre,297,7050,Masnuy-St-Jean,0494 64 72 34,24/10/1963,GradassoJodion@armyspy.com,Hosturnelf63,Emeet0gaiz,50.514474, 3.984571,
Hardouin de Chateaub, Sur les Tailles,446,5620,Florennes,0494 39 24 73,25/4/1964,HardouindeChateaub@dayrep.com,Thentolfthat1964,ahghoo9I,50.20117, 4.787381,
Ganelon Mainville, Drève des Bouleaux,87,1350,Enines,0496 27 82 15,27/9/1987,GanelonMainville@jourrapide.com,Jought,go9cohN7b,50.830909, 5.045014,
Eugène Bolduc, Netelaan,412,8670,Koksijde,0488 22 34 78,5/10/1967,EugeneBolduc@armyspy.com,Toicand,iech2xu3ieF,51.166099, 2.647897,
Senapus Berie, Netelaan,210,8510,Kooigem,0479 80 58 96,18/3/1998,SenapusBerie@armyspy.com,Hiverced,aHohbeib6eich,50.851347, 3.341292,
Jacques Leclair, Chaussée de Liège,152,6640,Hompré,0472 68 52 76,23/2/1988,JacquesLeclair@armyspy.com,Prinel,thuXe9ruuWi,49.897034, 5.541415,
Verrill Berthelette, Mandemakersstraat,110,9280,Wieze,0470 48 89 57,5/3/1960,VerrillBerthelette@rhyta.com,Himmest,oodiBu4Phei,50.906051, 4.064992,
Mason Charest, Rue Libert,224,4520,Wanze,0471 94 68 93,23/3/1965,MasonCharest@dayrep.com,Sualk1965,uhieY1el0,50.533168, 5.234012,
Antoine Marchesseault, Rue du Bienne,127,9420,Ottergem,0497 73 00 26,8/2/1993,AntoineMarchesseault@rhyta.com,Werre1993,Nawi5tu0,50.994932, 3.887285,
Merle Marchesseault, Rue de la Briqueterie,396,3803,Gorsem,0486 57 53 32,28/4/1998,MerleMarchesseault@armyspy.com,Hemple,sohW0Hooj2,50.923818, 5.085329,
Faustin Tachel, Chaussée de Liège,246,9667,Horebeke,0490 83 37 14,22/3/1969,FaustinTachel@teleworm.us,Siry1969,Ox1phaeg4,50.773528, 3.662011,
Cheney Lamare, Rostsestraat,250,5150,Franière,0491 43 66 34,1/4/1965,CheneyLamare@dayrep.com,Whigelp,aaChoh1yee,50.456609, 4.753648,
Jay Desnoyer, Heirstraat,246,7850,Marcq,0490 95 30 44,17/2/1954,JayDesnoyer@jourrapide.com,Buthrel,hohguiV0ei,50.737261, 3.936517,
Legget Quessy, Rue Bois des Fosses,69,8840,Oostnieuwkerke,0490 79 15 48,22/3/1974,LeggetQuessy@teleworm.us,Laboyet,pieg1Eich,50.950247, 3.075638,
Lance Lebrun, Hauwaart,159,6747,Meix-le-Tige,0493 59 17 64,17/5/1984,LanceLebrun@jourrapide.com,Wroure,oth8iePhool,49.732017, 5.645169,
Tristan Paulet, Kapelaniestraat,177,7900,Leuze-en-Hainaut,0483 72 74 49,26/12/2000,TristanPaulet@armyspy.com,Paligar,AeChie9cee2th,50.54395, 3.693013,
Noël Brasseur, Rue Libert,243,8790,Waregem,0475 27 64 45,30/6/1991,NoelBrasseur@teleworm.us,Mortince91,zoovus4Fe,50.787198, 3.498603,
Beltane Dastous, Schoolstraat,275,7861,Wannebecq,0490 46 24 48,13/3/1956,BeltaneDastous@dayrep.com,Witints56,chaegh0Ro2,50.666917, 3.842373,
Rule Ruais, Rue de Fromelenne,453,5030,Gembloux,0482 32 40 98,17/10/1996,RuleRuais@rhyta.com,Whernswille,EiS9aeteith,50.614234, 4.66186,
Florismart Audibert, Rue du Commerce,271,9790,Wortegem-Petegem,0473 77 75 33,30/9/1994,FlorismartAudibert@rhyta.com,Grem1994,oocho7Zei,50.883578, 3.519662,
Prewitt Thivierge, Witbakkerstraat,44,9051,Sint-Denijs-Westrem,0486 87 67 78,14/9/1958,PrewittThivierge@jourrapide.com,Tonany,oziebohng8Ph,51.088019, 3.641296,
Mandel Gagnon, Tiegemberg,183,5670,Treignes,0475 58 52 89,27/7/1988,MandelGagnon@rhyta.com,Pliked,Fo1cohhaiGh,50.005223, 4.658908,
Hugues Vaillancourt, Chaussée de Liège,238,9308,Hofstade,0476 81 99 54,7/5/1952,HuguesVaillancourt@teleworm.us,Alind1952,yees0eeN,50.935352, 4.067811,
Ganelon Laliberté, Aven Ackers,475,6830,Bouillon,0484 54 81 49,4/2/2007,GanelonLaliberte@rhyta.com,Purel2007,Cezeigh5y,49.7723, 5.050938,
Claude Pelletier, Rue Fouramont,85,4684,Haccourt,0477 15 04 23,28/3/1988,ClaudePelletier@rhyta.com,Whinunatined,yaj4mahS,50.76858, 5.596155,
Éric Laframboise, Rue du Château,393,2547,Lint,0481 15 80 76,13/8/1974,EricLaframboise@teleworm.us,Imnion,cieVovae3oPh,51.070289, 4.450013,
Yvon Chartré, Rue des Honnelles,481,4432,Xhendremael,0490 67 45 84,11/4/1981,YvonChartre@jourrapide.com,Alwastood,iPee3thi7,50.614033, 5.519961,
Onfroi Charlesbois, Serenade Opus,172,2290,Vorselaar,0491 64 03 08,10/11/1977,OnfroiCharlesbois@teleworm.us,Thoind77,xoo3eiGah,51.255596, 4.713902,
Charlot Lavoie, Witbakkerstraat,127,3390,Sint-Joris-Winge,0491 56 63 65,16/8/2006,CharlotLavoie@rhyta.com,Theides,eiM8Eudohlon,50.833574, 4.885975,
Benjamin Lemelin, Rue des Ecoles,317,4683,Vivegnis,0474 11 82 10,3/1/1960,BenjaminLemelin@rhyta.com,Ginter,EiPhikoo9Oh,50.612622, 5.673111,
Auriville Durand, Rue de la Sarthe,268,4671,Housse,0476 84 40 01,8/2/1977,AurivilleDurand@rhyta.com,Examper,XiBah2chah,50.760967, 5.695829,
Christophe Girard, Rue de Birmingham,375,5537,Denée,0480 11 88 75,13/9/1977,ChristopheGirard@armyspy.com,Adardly,uf1Eiv9i,50.443941, 4.820632,
Gérard Harquin, Noordstraat,95,4250,Boëlhe,0492 91 57 02,30/3/1990,GerardHarquin@armyspy.com,Melm1990,ietaipe5IF,50.686236, 5.164482,
Henri Vachon, Rue des Campanules,255,6661,Tailles,0477 78 23 55,11/8/1984,HenriVachon@armyspy.com,Comereces,oR0LieM7ah,50.24176, 5.840297,
Mason Busson, Rue Dielhère,87,1430,Rebecq-Rognon,0491 75 25 92,4/6/1953,MasonBusson@jourrapide.com,Anaturis,aiPeaF0ouja,50.675053, 4.093298,
Noël Busque, Schoolstraat,252,1741,Wambeek,0471 50 90 34,14/5/1979,NoelBusque@armyspy.com,Angthe,mohte0Pail,50.781289, 4.145287,
Maslin Pépin, Kapelaniestraat,117,9700,Leupegem,0490 10 45 97,24/11/2002,MaslinPepin@rhyta.com,Beferal,ooYae6Jei,50.968864, 3.505796,
Dominic Courcelle, Rue Bouhouille,347,9820,Schelderode,0474 66 27 57,12/5/1973,DominicCourcelle@armyspy.com,Bobsometch,Ohvahp8c,50.992011, 3.847923,
Luc Martineau, Avenue Huart Hamoir,228,5580,Buissonville,0478 77 02 20,17/5/1958,LucMartineau@jourrapide.com,Thermisen,Kaiv3quah,50.240552, 5.113267,
Guillaume Blondlot, Eikstraat,396,3460,Bekkevoort,0474 43 31 84,16/9/1995,GuillaumeBlondlot@rhyta.com,Saimanonest,biaDi0shie,50.907893, 5.054759,
Percy Guibord, Rue des Honnelles,57,8980,Zandvoorde,0493 41 04 02,9/10/1986,PercyGuibord@rhyta.com,Haddeach,ohnohru4X,50.873362, 3.082909,
Gauthier Gabriaux, Rue de la Brasserie,343,9406,Outer,0474 32 09 68,29/6/1959,GauthierGabriaux@armyspy.com,Berded59,aerohf3aeF,50.832164, 3.972406,
Vachel Lépicier, Rue de Berloz,437,6838,Corbion,0479 26 40 21,21/2/1999,VachelLepicier@teleworm.us,Thathis,Feich6oh,49.896965, 5.113607,
Scoville Paquet, Blekersdijk,275,3440,Dormaal,0490 40 27 24,26/9/1959,ScovillePaquet@teleworm.us,Supor1959,see2ii9AiNg4,50.863124, 5.055387,
Leroy Sylvain, Route de Botrange,42,5630,Soumoy,0497 26 12 20,17/5/1980,LeroySylvain@jourrapide.com,Wasped,xe0zei0aeNg,50.156899, 4.447145,
Garland Sacré, Rue des Ecoles,468,9520,Vlierzele,0476 30 14 97,7/12/1995,GarlandSacre@armyspy.com,Thoured1995,ahRiu4hub9oh,50.960519, 3.82255,
Fitz Mailly, Rue de Sy,402,6953,Forrières,0478 62 31 77,9/8/1979,FitzMailly@dayrep.com,Fith1979,lei3Sahgei,50.128888, 5.363258,
Guillaume Charlesbois, Rue Dielhère,100,6800,Recogne,0472 28 96 15,16/6/1972,GuillaumeCharlesbois@armyspy.com,Whersely1972,Voh6jetho,49.823001, 5.245659,
Charlot Goulet, Oostjachtpark,317,7141,Carnières,0489 29 48 65,13/10/1957,CharlotGoulet@jourrapide.com,Hundpares,oaguFeikie9,50.449912, 4.332037,
Talon Sorel, Ringlaan,434,8600,Driekapellen,0481 89 87 51,1/12/1993,TalonSorel@dayrep.com,Emstels,aileWoh7,51.10664, 2.984672,
Roslyn Bélair, Rue du Bienne,392,1350,Orp-Jauche,0492 17 21 44,13/5/1951,RoslynBelair@armyspy.com,Youse1951,sheidieNg6,50.686262, 5.017647,
Royden Dagenais, Rue de la Sarthe,238,7301,Hornu,0490 71 63 57,3/7/1993,RoydenDagenais@dayrep.com,Carceses1993,nohbeix0Ai,50.433915, 3.779273,
Turner Robillard, Rue de Liège,475,6840,Longlier,0497 33 96 04,29/2/1960,TurnerRobillard@rhyta.com,Samess1960,Pheis4raa2,49.774428, 5.328693,
Turner Bernier, Rue des Honnelles,251,4550,Yernée-Fraineux,0492 95 48 02,12/3/1975,TurnerBernier@armyspy.com,Hairld,iFiSaing0,50.499257, 5.444548,
Arthur Paimboeuf, Rue de la Poste,58,1880,Ramsdonk,0472 27 81 67,1/8/1988,ArthurPaimboeuf@teleworm.us,Spental1988,aGaina2ee,51.023501, 4.423948,
Gaspar Turgeon, Grote Baan,445,8572,Kaster,0473 14 41 63,12/9/1973,GasparTurgeon@rhyta.com,Skint1973,Doo6Xah7Ie,50.789132, 3.456631,
Loyal Richer, Passiewijk,73,2845,Niel,0497 94 54 59,16/1/1971,LoyalRicher@rhyta.com,Handond,eiph2xie9Zah,51.016885, 4.244399,
Fletcher Chaloux, Rue du Moulin,211,7170,Fayt-lez-Manage,0482 16 21 10,4/12/1990,FletcherChaloux@jourrapide.com,Whateening,eel9Ao9Poo,50.495269, 4.168519,
Pinabel Laliberté, Poolse Winglaan,389,9570,Sint-Maria-Lierde,0480 55 34 98,25/12/1999,PinabelLaliberte@jourrapide.com,Oted1999,oGhoo1ohqu,50.914022, 3.867808,
Pinabel Charpentier, Rue Dielhère,205,8620,Ramskapelle,0499 42 84 60,18/6/1993,PinabelCharpentier@dayrep.com,Seent1993,ce6Tahsai,51.218158, 2.670978,
Thierry David, Molenstraat,80,8490,Snellegem,0494 15 24 91,14/2/1970,ThierryDavid@jourrapide.com,Llostastings,Tah5EKie,51.310355, 2.96943,
Julien Caya, Noordstraat,340,5550,Bohan,0493 72 84 40,21/1/1987,JulienCaya@dayrep.com,Makered,to1Chai0e,49.923844, 5.072019,
Ranger Gaudreau, Rue de Vonêche,72,6940,Grandhan,0475 91 02 84,1/5/1952,RangerGaudreau@jourrapide.com,Ventlestaked,Aejeizah0o,50.281341, 5.379052,
Édouard Perillard, Rue de Bouillon,485,6470,Grandrieu,0486 25 13 48,18/10/1982,EdouardPerillard@jourrapide.com,Liese1982,Isho7eing3,50.054627, 4.166896,
Arnou Ricard, Rue de Liège,299,3040,Loonbeek,0476 97 30 49,5/4/1957,ArnouRicard@rhyta.com,Fectined,be5Bee5ae,50.831294, 4.646234,
Léon Riquier, Rue Camille Joset,367,9630,Rozebeke,0479 30 53 64,25/7/1990,LeonRiquier@armyspy.com,Herfulity,Riefoo4oh,50.966102, 3.705493,
Vaden Royer, Rue des Tanneurs,315,7090,Petit-Roeulx-lez-Braine,0499 34 70 53,10/4/1965,VadenRoyer@armyspy.com,Dould1965,looTh2Woh,50.408673, 3.971569,
Hardouin Jardine, Rue du Chapy,201,3150,Haacht,0490 75 04 23,14/11/1972,HardouinJardine@armyspy.com,Chising,Ohh6ain5,50.972787, 4.646926,
Richard LaGrande, Rue Fouramont,311,3545,Halen,0489 50 35 79,9/11/2006,RichardLaGrande@jourrapide.com,Ancentim2006,AijeeD6Jee,50.972126, 5.026906,
Arnaud Dumoulin, Rue de Liège,261,5310,Longchamps,0478 58 45 82,31/10/1994,ArnaudDumoulin@rhyta.com,Somenclover,eSh8cheegh,50.654697, 4.929385,
Frédéric Couet, Rue des Laderies,177,5080,Villers-lez-Heest,0471 77 57 02,31/10/1981,FredericCouet@jourrapide.com,Nows1981,yioS0gaol,50.438426, 4.844611,
Marc Clavette, Rue de Baras,21,3980,Tessenderlo,0479 97 25 30,16/8/1959,MarcClavette@dayrep.com,Ancruch,eejooN7Eefoh,51.140055, 5.052305,
Forrest Séguin, Industriestraat,56,9450,Denderhoutem,0489 87 70 84,9/8/1960,ForrestSeguin@armyspy.com,Spithe,eKeet1noo5,50.926833, 3.982589,
Ernest Bonsaint, Industriestraat,157,9800,Deinze,0497 15 22 82,2/3/1957,ErnestBonsaint@jourrapide.com,Joincte,eihoo8Zae,50.943107, 3.548986,
Agramant Laprise, Rue du Pont Simon,337,1390,Archennes,0499 42 45 24,24/12/2002,AgramantLaprise@dayrep.com,Sence2002,zoofahQuaa6,50.818489, 4.738409,
Christophe Deblois, Rue de la Sarthe,57,5575,Houdremont,0477 47 47 65,27/8/1958,ChristopheDeblois@jourrapide.com,Allashom,mear1aiNg,50.067687, 4.999487,
Marmion Dubois, Rostsestraat,30,5600,Franchimont,0470 59 05 88,18/9/1983,MarmionDubois@armyspy.com,Wimenceph,Phui0keSee2,50.313931, 4.522514,
Cloridan Langelier, Courtensdreef,188,7911,Herquegies,0472 77 67 51,20/6/2002,CloridanLangelier@dayrep.com,Thaboated,Aer3ieth0,50.598621, 3.832235,
Luc Desforges, Industrieweg,124,5500,Bouvignes-sur-Meuse,0477 95 46 17,12/8/1957,LucDesforges@rhyta.com,Sabst1957,ag5vaQu7tah,50.312645, 4.834114,
Sacripant Lamare, Rue de Boneffe,333,5550,Orchimont,0472 11 59 62,24/9/1960,SacripantLamare@teleworm.us,Takintime,aiPa1Eet7goh,49.975678, 5.055237,
Florus Ruel, Rue Grande,31,7730,Bailleul,0493 36 23 67,25/2/1961,FlorusRuel@rhyta.com,Dishice,Aiwah3cie,50.786041, 3.242113,
Mason Deserres, Rue Jean Lorette,273,1402,Thines,0495 12 09 61,31/7/1998,MasonDeserres@dayrep.com,Arimand,ouvaa1eiCu,50.672308, 4.395172,
Grégoire Lamarre, Chaussée de Liège,477,4460,Horion-Hozémont,0480 74 36 23,2/6/1998,GregoireLamarre@jourrapide.com,Beardiesuch,aPhahPah1xai,50.68708, 5.468936,
Thiery Sabourin, Rue du Monument,200,4520,Antheit,0488 54 71 29,7/3/1964,ThierySabourin@dayrep.com,Thap1964,Cheedah4oh1in,50.49009, 5.256605,
Barry Lachapelle, Grote Baan,272,3140,Keerbergen,0482 48 72 72,16/5/1995,BarryLachapelle@rhyta.com,Stife1995,eilieK2ieZae,51.056822, 4.716574,
Troy Voisine, Rue Libert,63,7340,Warquignies,0483 85 09 47,5/8/1985,TroyVoisine@armyspy.com,Tralk1985,cho3ohThoog,50.42778, 3.871462,
Mason Guilmette, Rue Henri Lambert,188,3840,Haren,0480 17 16 09,6/3/1975,MasonGuilmette@armyspy.com,Complefro,ahh7wai3AhC,50.864475, 5.466469,
Emmanuel Auger, Boulevard General Wahis,490,2812,Muizen,0475 30 57 59,1/4/1983,EmmanuelAuger@teleworm.us,Andrephy,ge5of6aoSee,50.964439, 4.468962,
Paul Séguin, Blekersdijk,480,5570,Dion,0479 40 69 71,19/11/1981,PaulSeguin@teleworm.us,Yourneart1981,iPei0iWoaz,50.217444, 4.956448,
William Reault, Chaussée de Wavre,443,6531,Biesme-sous-Thuin,0496 90 03 46,8/8/1960,WilliamReault@jourrapide.com,Frimake1960,Choa3uzei,50.289818, 4.279485,
Millard Aubé, Nieuwe Baan,472,3580,Beringen,0487 99 14 51,23/9/1973,MillardAube@teleworm.us,Thavis,IeNein3ae,51.045938, 5.206854,
Talbot Charlesbois, De Veurs Comberg,208,9506,Waarbeke,0472 90 99 28,19/6/1955,TalbotCharlesbois@jourrapide.com,Scrues,aipaetohNg1,50.827149, 3.934365,
Odo Dubé, Machelsesteenweg,54,4850,Montzen,0477 77 73 78,2/9/1983,OdoDube@teleworm.us,Precalf,eeGo3Che1Kie,50.771556, 6.036503,
Fiacre Robert, Avenue Huart Hamoir,446,3380,Bunsbeek,0481 13 12 50,12/5/1965,FiacreRobert@armyspy.com,Wilecte,ohN1pho4vi1,50.775372, 4.85366,
Tearlach Veilleux, Rue de Berloz,209,5555,Cornimont,0471 83 15 50,13/12/1996,TearlachVeilleux@armyspy.com,Comfor,lanie1Gei,49.897896, 4.991244,
Normand Garreau, Strepestraat,352,7890,Lahamaide,0496 21 74 74,24/1/1979,NormandGarreau@dayrep.com,Oformetake79,cimae4aeBa,50.805983, 3.688279,
Arno Lacombe, Perksesteenweg,304,7543,Mourcourt,0482 24 35 83,22/3/1968,ArnoLacombe@armyspy.com,Rowdre,ahTh8hei,50.641918, 3.441356,
Iven Guibord, Molenstraat,253,6560,Solre-sur-Sambre,0482 76 29 73,8/8/1973,IvenGuibord@jourrapide.com,Thoccou,pido6reiR,50.365337, 4.16186,
Franck Gousse, Strepestraat,462,4210,Lamontzée,0476 68 14 01,3/12/2005,FranckGousse@teleworm.us,Wastatile,eesaQuoh6ah,50.547541, 5.125225,
Desire Beaupré, Populierenstraat,446,8511,Aalbeke,0495 58 76 00,23/11/1950,DesireBeaupre@armyspy.com,Beecomen,theijae0Quom,50.863231, 3.299547,
Pascal Desrosiers, Route de Botrange,333,6997,Soy,0484 86 34 64,19/11/1966,PascalDesrosiers@dayrep.com,Illaxy1966,fough0Et8oo,50.263164, 5.568294,
Laurent Lapointe, Rue de Vonêche,104,6940,Grandhan,0493 65 15 20,28/11/1957,LaurentLapointe@teleworm.us,Theateran,Ix8yooc8ei9,50.336489, 5.503431,
Russell Lambert, Rue Bouhouille,472,3270,Scherpenheuvel,0474 18 94 90,6/10/1972,RussellLambert@teleworm.us,Mignan72,up9eizee0Ai,50.999621, 4.965252,
Donatien Guertin, Schoolstraat,356,1741,Wambeek,0498 55 15 95,15/5/1990,DonatienGuertin@dayrep.com,Tomake1990,SooChu4eegh,50.798098, 4.282422,
Eugène Houde, Lodorp,135,1830,Machelen,0473 59 80 69,29/6/1989,EugeneHoude@jourrapide.com,Flaved,yahmohS7,50.821938, 4.370072,
Tearlach Paimboeuf, Rue de Berloz,141,1450,Cortil-Noirmont,0489 22 61 06,23/10/1997,TearlachPaimboeuf@armyspy.com,Whall1997,moo7Wohshoo,50.593276, 4.661747,
Théophile Vachon, Rostsestraat,115,3798,Fouron-le-Comte,0474 45 27 00,18/4/2003,TheophileVachon@rhyta.com,Grited,uhuu3eeZee,50.712324, 5.667253,
Eustache St-Jean, Lange Elzenstraat,488,3960,Bree,0482 67 36 26,6/9/1975,EustacheSt-Jean@jourrapide.com,Shaboys,Soo6Zoo8ph,51.096756, 5.698036,
Auguste Barrière, Strepestraat,318,4600,Lanaye,0493 74 79 06,7/7/1983,AugusteBarriere@armyspy.com,Thinficess,loik2Eif1,50.774702, 5.718996,
Michel Carignan, Rue du Bois Colau,355,8800,Oekene,0495 85 72 24,17/10/2001,MichelCarignan@jourrapide.com,Dousedise2001,JoozooC9s,50.999152, 3.169925,
Jay Duhamel, Rue Henri Lambert,134,5541,Hastière-par-Delà,0486 85 29 40,30/3/1956,JayDuhamel@jourrapide.com,Insing,aeL9Ieshoo7,50.259586, 4.868995,
Louis Fréchette, Rue du Château,251,4357,Limont,0471 75 19 53,21/10/1993,LouisFrechette@dayrep.com,Whountly,aikiv3Il,50.578679, 5.296987,
Gauthier Lajeunesse, Drève des Bouleaux,403,7500,Ere,0471 30 29 10,13/10/2005,GauthierLajeunesse@rhyta.com,Baccough2005,Iel7ungoo,50.504434, 3.329107,
Artus Gamelin, Rue Dielhère,254,6890,Redu,0477 14 65 94,20/5/1954,ArtusGamelin@dayrep.com,Carld1954,yuaB7uMu,49.976272, 5.199644,
Armand Dupont, Rue des Laderies,204,7812,Villers-Saint-Amand,0479 37 62 30,5/8/1964,ArmandDupont@dayrep.com,Havilly,Aesheij1bie,50.590884, 3.740492,
Serge Brisette, Heirstraat,179,6987,Marcourt,0499 18 21 59,28/8/1986,SergeBrisette@dayrep.com,Ustract,Koojoo3Xa,50.164475, 5.550428,
Aubin Lalonde, Tiegemberg,420,8820,Torhout,0479 84 26 74,23/4/1984,AubinLalonde@dayrep.com,Wayer1984,ooTi0lah,51.009822, 3.196646,
Quincy Therriault, Rue Bouhouille,175,2970,Schilde,0478 41 58 01,4/10/1994,QuincyTherriault@teleworm.us,Thfuld,ehiePhei7pa,51.309082, 4.651889,
Xarles Masson, Rue de la Rulles,296,7330,Saint-Ghislain,0483 69 70 87,12/11/1988,XarlesMasson@jourrapide.com,Thertat,reoyaiQua3vah,50.463915, 3.8567,
Aloin Chastain, Avenue des Sartiaux,170,3370,Willebringen,0495 62 31 51,8/6/1983,AloinChastain@teleworm.us,Douner,ohX4aiNo,50.857272, 4.797991,
Jules Rocher, Avenue Emile Vandervelde,428,5620,Rosée,0487 15 86 83,26/3/1996,JulesRocher@armyspy.com,Fastally,rae5waoM1,50.226261, 4.607949,
Amaury Abril, Rue de la Brasserie,246,3400,Overwinden,0496 39 58 49,1/10/1961,AmauryAbril@jourrapide.com,Everporly,iemei7yeeZei,50.704439, 5.041846,
Gérard Paradis, Pierre Delannoyplaats,361,7730,Estaimpuis,0499 72 67 26,2/11/1976,GerardParadis@jourrapide.com,Lifehout,Uo9kohj3oo,50.70559, 3.356392,
Agramant Chauvet, Linieweg,319,4300,Lantremange,0472 99 49 34,22/2/2000,AgramantChauvet@dayrep.com,Trackin,tiTuh7nis9o,50.699752, 5.338252,
Mason Berie, Door Van dijckstraat,177,8860,Lendelede,0481 73 44 84,19/6/1963,MasonBerie@teleworm.us,Blighte,rae3aop1H,50.907308, 3.196011,
Isaac Brian, Blancefloerlaan,307,3190,Boortmeerbeek,0485 78 28 07,20/9/1996,IsaacBrian@dayrep.com,Whyst1996,ShooX7iecie,51.039019, 4.579647,
Xarles Paulet, Rue Engeland,16,3350,Neerhespen,0490 18 52 16,15/4/1993,XarlesPaulet@armyspy.com,Kinalwyesset,aa9hia4ieNg,50.87693, 5.0128,
Agramant Cyr, Rue du Bois Colau,346,7862,Ogy,0495 52 49 49,19/4/1964,AgramantCyr@armyspy.com,Madever,aijan6Shoh7ae,50.78559, 3.768137,
Guerin Trépanier, Perksesteenweg,352,7700,Mouscron,0489 43 90 55,10/1/2000,GuerinTrepanier@armyspy.com,Unding,Chaiv2hoo7,50.822209, 3.177072,
Gifford Chalifour, Boulevard General Wahis,120,2812,Muizen,0496 78 91 89,12/2/1978,GiffordChalifour@teleworm.us,Theshe,xuiQuie1iLah,51.031762, 4.504768,
Wyatt Pinette, Chaussée de Tirlemont,249,5580,Wavreille,0481 21 53 44,20/7/1980,WyattPinette@jourrapide.com,Diffe1980,ohMahth6,50.15659, 5.11727,
Travers Bouvier, Rue de Virton,362,6760,Ethe,0482 78 22 50,19/2/1977,TraversBouvier@jourrapide.com,Nory1977,ieC4eemah,49.52917, 5.527393,
Paul Masson, Pont du Chêne,57,7522,Blandain,0488 66 38 13,2/2/1964,PaulMasson@armyspy.com,Earter,phicaiD7I,50.589183, 3.412051,
Arnou Faure, Lodorp,169,9870,Machelen,0476 83 34 20,11/1/1973,ArnouFaure@dayrep.com,Savoid1973,OhGhah8oh,50.976786, 3.463839,
Saber Martin, Avenue Emile Vandervelde,439,4257,Rosoux-Crenwick,0487 66 76 50,17/2/2004,SaberMartin@dayrep.com,Pricandere04,aep5gea5Ah,50.6431, 5.307142,
Florismart Auberjonois, Rue du Presbytère,478,5600,Villers-le-Gambon,0483 87 78 34,10/11/2001,FlorismartAuberjonois@rhyta.com,Mandbarnot01,ait7Lai0oc,50.124147, 4.438695,
Mayhew Huard, Rue des Buissons,165,3803,Runkelen,0474 13 25 49,21/10/1994,MayhewHuard@jourrapide.com,Bobloventold,Uth3dohr,50.806101, 5.076484,
Manville Coupart, Booischotseweg,62,4101,Jemeppe-sur-Meuse,0489 85 43 17,20/9/1997,ManvilleCoupart@jourrapide.com,Humodys1997,Odio7eiPh,50.654768, 5.497962,
Burrell Parent, Rue Libert,448,4590,Warzée,0496 69 74 31,26/3/2003,BurrellParent@teleworm.us,Pooked,shie2aeReec,50.499365, 5.422571,
Tabor Lanoie, Alsembergsesteenweg,125,8600,Nieuwkapelle,0472 67 47 88,19/1/1984,TaborLanoie@armyspy.com,Theon1984,iXieM0ieyeib,51.125344, 2.822393,
Guy Marchesseault, Jagerij,139,5670,Mazée,0472 78 58 03,2/10/1974,GuyMarchesseault@rhyta.com,Nuised,Eub9phai,50.090193, 4.79505,
Didier Chartier, Kapelaniestraat,229,7621,Lesdain,0476 42 07 87,6/8/1974,DidierChartier@jourrapide.com,Momentown74,cha9Caoshie,50.524963, 3.581355,
Garland Lécuyer, Jagerij,48,2328,Meerle,0488 79 17 66,22/1/2003,GarlandLecuyer@teleworm.us,Sied2003,aN1weth8,51.418363, 4.786408,
Xarles Lamare, Ramselsesteenweg,32,4830,Limbourg,0483 81 63 67,8/10/1960,XarlesLamare@teleworm.us,Mittle1960,gouHii7faiY,50.530797, 5.836676,
Agrican Gamelin, Rue de Piétrain,489,7034,Obourg,0479 13 62 54,15/9/1966,AgricanGamelin@teleworm.us,Oulty1966,fay1Zo0Dae,50.471091, 3.972348,
Romain Blanchard, Excelsiorlaan,248,7822,Meslin-l'Evêque,0478 40 44 98,1/2/1950,RomainBlanchard@armyspy.com,Eparequir1950,ouL6xa1Ic3i,50.715049, 3.778523,
Daniel St-Pierre, Pierre Delannoyplaats,158,8587,Espierres-Helchin,0487 40 74 44,26/8/1998,DanielSt-Pierre@teleworm.us,Saidence,Aeng0fie7poo,50.758023, 3.380122,
Roland Avare, Schietboompleinstraat,116,7070,Roeulx,0486 21 72 27,9/1/2006,RolandAvare@teleworm.us,Anothere,Tei9daba,50.622371, 4.164352,
Avenall Deblois, Rue du Thisnes,188,2470,Retie,0484 53 60 63,8/6/1967,AvenallDeblois@armyspy.com,Glintall,Ohl9quia9tae,51.178944, 5.058563,
Bartlett Bousquet, Rue du Monument,266,7387,Angreau,0472 19 41 49,18/8/1954,BartlettBousquet@dayrep.com,Flord1954,neipho0JoFi,50.305273, 3.747705,
Melville Bondy, Westdorp,77,9140,Tielrode,0492 97 27 91,17/2/1958,MelvilleBondy@rhyta.com,Uplithim58,bai8shieKeiy,51.158855, 4.331249,
Lowell Cailot, Rue Haute,207,3470,St-Margriete,0484 44 39 55,2/7/1972,LowellCailot@jourrapide.com,Miturs,ePh5shei4,50.89041, 5.077457,
Felicien Poulin, Passiewijk,330,3668,Niel-bij-As,0491 49 12 97,22/7/1982,FelicienPoulin@rhyta.com,Occes1982,aeYeepohi8d,50.997259, 5.538636,
Paul Lafontaine, Netelaan,234,3840,Kolmont,0496 33 46 13,29/9/1989,PaulLafontaine@teleworm.us,Shomence,phi3Xae6nae,50.855311, 5.344438,
Pomeroy Chaloux, Hoge Wei,2,5660,Aublain,0488 47 57 97,26/8/1987,PomeroyChaloux@rhyta.com,Distin,xei5AhV5A,50.060635, 4.445896,
Hardouin Moïse, Lange Elzenstraat,166,4020,Bressoux,0498 77 36 04,5/11/1979,HardouinMoise@armyspy.com,Somidur,aih7uB4oe1,50.654301, 5.590975,
Gérard Quirion, Pierre Delannoyplaats,90,6560,Erquelinnes,0481 55 37 38,25/1/2000,GerardQuirion@jourrapide.com,Tromeen,BeefeiMah0,50.40036, 4.161219,
Latimer Voisine, Raas van Gaverestraat,183,4280,Cras-Avernas,0478 65 79 61,6/7/1988,LatimerVoisine@teleworm.us,Tolde1988,eelahqu8Ku,50.704269, 5.109125,
Antoine Huppé, Putstraat,372,8433,Slijpe,0490 33 14 60,5/4/1977,AntoineHuppe@rhyta.com,Semandowns1977,ib2Eev6cai,51.23609, 2.901991,
Alphonse Bourget, Ramselsesteenweg,216,1300,Limal,0473 51 83 49,7/3/1989,AlphonseBourget@teleworm.us,Couray,Ie2iowe5sh,50.762036, 4.538635,
Alphonse Croquetaigne, Heuvenstraat,454,8550,Zwevegem,0488 29 33 42,27/4/1987,AlphonseCroquetaigne@dayrep.com,Gian1987,Aeg2ulas8rae,50.854469, 3.39457,
Thiery Mathieu, Rue de la Brasserie,480,4680,Oupeye,0498 57 72 24,4/8/1973,ThieryMathieu@armyspy.com,Wilefored,oRe5Boof,50.660366, 5.566242,
Latimer Sorel, Avenue des Sartiaux,357,3370,Willebringen,0473 99 72 91,7/10/1953,LatimerSorel@rhyta.com,Itakfule,ea7Eiph8ie,50.933637, 4.889454,
Tabor Berger, Blancefloerlaan,113,2850,Boom,0485 93 39 55,23/2/1985,TaborBerger@teleworm.us,Abity1985,eechohW8,51.073841, 4.300568,
Richard Simard, Witbakkerstraat,112,1640,Sint-Genesius-Rode,0484 96 54 17,17/2/1960,RichardSimard@armyspy.com,Sasts1960,biej3iRie9oo,50.756554, 4.268521,
Georges Paiement, Rue de Fontigny,271,5580,Rochefort,0478 23 26 18,17/8/1951,GeorgesPaiement@teleworm.us,Youdibetent,jaith7uR,50.286657, 5.18657,
Vernon Routhier, Perksesteenweg,302,5190,Moustier-sur-Sambre,0474 95 63 23,22/6/1985,VernonRouthier@jourrapide.com,Swor1985,die0AiS7,50.401487, 4.819879,
Louis Généreux, Korte Noordsstraat,373,8490,Varsenare,0472 43 30 22,14/7/1986,LouisGenereux@dayrep.com,Doneshearn1986,Teejoa3ai,51.191159, 3.097328,
Eugène Blondlot, Molenstraat,364,6769,Sommethonne,0486 35 80 13,2/1/1988,EugeneBlondlot@armyspy.com,Goomittle,zohf1Aef,49.485146, 5.480033,
Francis Gagnon, Rue de Baras,22,4560,Terwagne,0483 95 62 82,23/7/1972,FrancisGagnon@rhyta.com,Becals,Ohfooch1Ahqu,50.381434, 5.339828,
Forrest de Brisay, Rue de Fromelenne,442,9000,Gent,0482 10 49 57,29/7/1963,ForrestdeBrisay@armyspy.com,Nowityriet1963,hie7So2uBee,50.958861, 3.727097,
Byron Denis, Rostsestraat,106,7080,Frameries,0493 51 07 86,19/3/1975,ByronDenis@teleworm.us,Diecaut,saim8aiNg,50.505496, 3.975069,
Sumner Allard, Blancefloerlaan,172,1404,Bornival,0498 40 84 99,4/4/1953,SumnerAllard@dayrep.com,Exclore,Oon1ifah,50.651572, 4.284274,
Peppin Margand, Rue du Chapy,468,7950,Grosage,0471 18 27 41,8/10/1992,PeppinMargand@teleworm.us,Facench,gooRei7iuB2,50.585582, 3.798563,
Alexandre Lepage, Avenue Huart Hamoir,385,6927,Bure,0491 80 76 52,21/7/1960,AlexandreLepage@armyspy.com,Creatil,ideigheem1Ie,50.148533, 5.254699,
Sargent Dionne, Raas van Gaverestraat,387,5660,Cul-des-Sarts,0482 56 05 50,15/11/1993,SargentDionne@jourrapide.com,Veme1993,supeafahNg2,50.027431, 4.498184,
Fabrice Gregoire, Rue Dielhère,230,2520,Ranst,0498 80 58 63,4/11/1980,FabriceGregoire@dayrep.com,Tiondes,mieceej9E,51.189111, 4.620023,
Algernon Leroux, Rue Jean Lorette,380,6530,Thuin,0478 14 74 07,21/12/1965,AlgernonLeroux@teleworm.us,Gotin1965,yoo8Zohtie,50.329027, 4.270583,
Harcourt Gladu, Rue des Honnelles,26,8980,Zandvoorde,0495 50 75 39,27/4/1988,HarcourtGladu@rhyta.com,Senguen88,ohToo4eel7,50.941422, 3.00438,
Davet Guilmette, Aven Ackers,104,3300,Bost,0499 93 97 92,11/7/1961,DavetGuilmette@rhyta.com,Aread1961,ainoh3Ohth,50.896985, 4.904488,
Jules Des Meaux, Rue du Bienne,11,9700,Oudenaarde,0485 98 86 54,7/11/1963,JulesDesMeaux@armyspy.com,Munplad1963,voizeBaiD8co9Ee,50.889613, 3.692227,
Sidney Huot, Oostjachtpark,271,6230,Buzet,0480 15 94 71,16/11/1961,SidneyHuot@teleworm.us,Goned1961,Uosh8lei,50.496627, 4.604173,
Ranger Vincent, Rue de Virton,220,9940,Evergem,0482 15 66 54,12/1/1957,RangerVincent@armyspy.com,Woliftell,haiCh1esh,51.140385, 3.728492,
Avent Senneville, Rue du Moulin,126,4607,Feneur,0496 11 59 51,8/12/1969,AventSenneville@jourrapide.com,Priet1969,eiPh6ahdigh,50.820401, 5.797969,
Pierpont Asselin, Jagerij,441,9170,Meerdonk,0494 61 45 21,11/12/1961,PierpontAsselin@armyspy.com,Havemprought,AhdeG4ee,51.286567, 4.156259,
Kerman Blanc, Taille Maréchal,290,7906,Gallaix,0489 52 02 67,1/8/1960,KermanBlanc@dayrep.com,Pluence,vohtuJah6Ai,50.512435, 3.722094,
Vachel Course, Rostsestraat,98,4557,Fraiture,0471 89 05 35,10/4/1983,VachelCourse@teleworm.us,Stioneve,CaeciBoh7,50.579218, 5.488177,
Lyle Bondy, Rostsestraat,283,6800,Freux,0496 47 65 97,9/2/1991,LyleBondy@dayrep.com,Bithate,nie9Lo8Iem,49.92976, 5.205686,
Gill Chauvet, De Veurs Comberg,139,8581,Waarmaarde,0491 35 85 97,23/4/2002,GillChauvet@teleworm.us,Whapposess2002,ca2Fah4us9,50.877624, 3.561449,
Christien Proulx, Strepestraat,429,7522,Lamain,0473 76 28 55,27/10/1993,ChristienProulx@teleworm.us,Hasteral,Deexe1eeNg5,50.545738, 3.336402,
Moore Huard, Door Van dijckstraat,337,8691,Leisele,0490 83 41 47,14/7/2004,MooreHuard@teleworm.us,Incent,AhwoKie5Ah,50.960655, 2.686835,
Ignace Morel, Rue des Laderies,111,9921,Vinderhoute,0490 82 07 66,2/3/1980,IgnaceMorel@armyspy.com,Castand,aiDo4taeh,51.156672, 3.638798,
Mason Berger, Berkendreef,380,8906,Elverdinge,0476 69 64 67,19/12/1979,MasonBerger@jourrapide.com,Pron1979,choo8vaiRah,50.898614, 2.870821,
Somer Lizotte, Avenue Huart Hamoir,232,1910,Buken,0496 80 03 89,6/3/1971,SomerLizotte@dayrep.com,Havend,Ooc9Xeet,50.892062, 4.620251,
Brigliador Lamontagne, Westdorp,219,4630,Tignée,0471 55 77 06,27/11/1959,BrigliadorLamontagne@armyspy.com,Weraides,Laiz6iyee,50.710083, 5.62154,
Manville Parizeau, Schoolstraat,486,4280,Wansin,0481 97 20 26,5/3/1962,ManvilleParizeau@dayrep.com,Wency1962,jahfei2Ae,50.77832, 5.181098,
Sargent Cartier, Route de Baschamps,416,4520,Bas-Oha,0478 80 80 51,2/12/1998,SargentCartier@teleworm.us,Ectiseethe,Pai8gaid,50.60322, 5.173211,
Gifford Lespérance, Heuvenstraat,455,8550,Zwevegem,0495 31 37 08,30/5/2000,GiffordLesperance@rhyta.com,Specour2000,yeiSai4ahjo,50.713107, 3.354905,
Olivier Langelier, Ramselsesteenweg,433,4042,Liers,0475 95 61 50,2/3/2002,OlivierLangelier@armyspy.com,Imand2002,aeC8eeheeTh,50.642259, 5.496072,
Vaden Batard, Molenstraat,72,6560,Solre-sur-Sambre,0475 47 07 09,7/3/1979,VadenBatard@armyspy.com,Hativeing,ohsi8ENaeph,50.398856, 4.005221,
Saville Doyon, Rue de Boneffe,342,1745,Opwijk,0498 24 96 82,7/9/1972,SavilleDoyon@teleworm.us,Dingence,heeghai4X,50.877428, 4.148483,
Xavier Huard, Drève des Bouleaux,266,4800,Ensival,0483 12 92 59,20/8/1980,XavierHuard@jourrapide.com,Ming1980,Uoju9aikei,50.69954, 5.762617,
Leroy L'Anglais, Schoolstraat,383,1457,Walhain,0499 65 30 62,7/6/1989,LeroyLAnglais@jourrapide.com,Uppeathe,ohJail4ah,50.630913, 4.747175,
Varden Authier, Rue du Vert Galant,423,2242,Pulderbos,0493 66 34 63,13/5/1969,VardenAuthier@dayrep.com,Perepies69,ooNi5Noowee,51.169148, 4.70846,
Curtis Chastain, Rue de la Tannerie,362,5590,Haversin,0492 18 62 68,13/3/2004,CurtisChastain@teleworm.us,Gosed2004,Zacaeroz6,50.362475, 5.056046,
Montague Blanchard, Booischotseweg,115,6120,Jamioulx,0487 58 25 86,27/5/1992,MontagueBlanchard@teleworm.us,Thertions,hieph7Aob0,50.543459, 4.289025,
Michel Brousseau, Sur les Tailles,255,6220,Fleurus,0470 13 63 66,16/11/1999,MichelBrousseau@teleworm.us,Squity,OeZ0quaraiph,50.499384, 4.485619,
Hamilton Tétrault, Rue Camille Joset,297,6044,Roux,0478 32 80 60,6/2/1966,HamiltonTetrault@teleworm.us,Arefling,uTahw8Daet,50.473278, 4.347621,
Julien Garnier, Rue Libert,469,5310,Waret-la-Chaussée,0494 39 63 77,26/2/1988,JulienGarnier@jourrapide.com,Casuld,Izaaj9Th,50.569011, 4.962695,
Landers Morneau, Rue Camille Joset,370,4120,Rotheux-Rimière,0481 80 85 18,21/2/1979,LandersMorneau@dayrep.com,Inedan,zeiJoh9th,50.441418, 5.470521,
Ferragus Pouchard, Tiegemberg,231,5140,Tongrinne,0485 37 07 40,7/2/1964,FerragusPouchard@jourrapide.com,Cligh1964,gaiB1eeJ,50.466955, 4.528187,
Jeoffroi Lampron, Rue de la Sarthe,34,6990,Hotton,0492 80 01 74,30/4/1966,JeoffroiLampron@rhyta.com,Becia1966,eeZ6ePhi2t,50.204576, 5.325398,
Peverell Giguère, Hooivelden,394,3300,Kumtich,0481 47 39 44,10/2/1997,PeverellGiguere@teleworm.us,Plent1997,oe3Auchaim,50.851032, 5.050715,
Fletcher Provencher, Rue du Vert Galant,486,7760,Popuelles,0481 70 73 55,29/5/1986,FletcherProvencher@teleworm.us,Bence1986,Tei1joh6aeth,50.777423, 3.391334,
Mercer Pouchard, Poolse Winglaan,163,9830,Sint-Martens-Latem,0474 39 32 69,27/10/1976,MercerPouchard@dayrep.com,Eltaing,bae1Cheu7,51.003587, 3.675765,
Quincy Lebel, Rue de Fontigny,392,6460,Robechies,0473 81 00 88,14/5/1972,QuincyLebel@armyspy.com,Accandon1972,eiG2ienoocie,49.995333, 4.241858,
Royce Houde, Courtensdreef,492,3191,Hever,0479 22 73 29,16/2/1999,RoyceHoude@armyspy.com,Nothem,Bohl1ahl4ie,51.076157, 4.498114,
Aymon Briard, Poolse Winglaan,228,9042,Sint-Kruis-Winkel,0476 90 51 19,4/9/2002,AymonBriard@rhyta.com,Glesing,eiguFi4aih0,51.134073, 3.803087,
Latimer Bourque, Jagerij,78,5372,Méan,0495 18 27 05,2/5/1974,LatimerBourque@teleworm.us,Beenst,weica1eeG8o,50.353398, 5.175474,
Arthur Clément, Rue de la Sarthe,352,8630,Houtem,0498 93 76 03,24/3/1998,ArthurClement@teleworm.us,Ittless,iDooyie0si,51.15955, 2.635241,
Clovis Michel, Bessenveldstraat,459,4400,Mons-lez-Liège,0494 59 30 00,6/6/1975,ClovisMichel@armyspy.com,Warmaded,seiG3ooth8ee,50.577938, 5.37231,
Ray Bélanger, Korte Noordsstraat,426,6741,Vance,0475 17 09 85,19/12/1958,RayBelanger@armyspy.com,Dungliand,OoPhuqu0w,49.716392, 5.619407,
Charles Croteau, Drève des Bouleaux,55,9420,Erondegem,0493 55 35 22,17/4/1952,CharlesCroteau@teleworm.us,Witill,fei8Ahyoo8,50.952527, 3.97856,
Arnou St-Jean, Excelsiorlaan,65,7822,Meslin-l'Evêque,0480 24 99 17,15/12/1951,ArnouSt-Jean@dayrep.com,Sibluself,ieGie9uvee2,50.708237, 3.680698,
Loyal Senneville, Raas van Gaverestraat,40,5660,Couvin,0476 13 08 55,25/7/1962,LoyalSenneville@jourrapide.com,Citiold,Peegh7xah,50.054467, 4.601387,
Moore Rochon, Mandemakersstraat,216,9280,Wieze,0475 89 92 98,31/7/1998,MooreRochon@jourrapide.com,Parses1998,voh3Queg,51.025755, 4.128063,
Guy Laliberté, Rue Bouhouille,378,9820,Schelderode,0478 38 38 31,21/5/1951,GuyLaliberte@teleworm.us,Tholeaugh,oowiiYa6thei,51.03514, 3.818894,
Aleron Cloutier, Rue des Tanneurs,324,5600,Philippeville,0480 79 30 72,10/11/1999,AleronCloutier@dayrep.com,Therstrand,iej0Jaech,50.192236, 4.476,
Tristan Galarneau, Route de Vonèche,133,9130,Verrebroek,0495 26 93 78,4/6/2003,TristanGalarneau@teleworm.us,Gnitend,baisameF9k,51.245323, 4.298696,
Lyle Ferland, Rue du Bois Colau,245,9400,Okegem,0473 75 74 53,7/1/1950,LyleFerland@armyspy.com,Epror1950,uu0feehei4X,50.781567, 4.137117,
Campbell Sacré, Berkendreef,75,5363,Emptinne,0489 13 36 36,23/1/1983,CampbellSacre@armyspy.com,Daysioss,Vochaewahp4,50.282967, 5.224357,
Lance Plouffe, Route de Vonèche,49,8570,Vichte,0470 68 33 06,13/7/1962,LancePlouffe@dayrep.com,Sones1962,ieghoh1ohRi,50.918173, 3.441416,
Victor Chicoine, Ramselsesteenweg,136,5140,Ligny,0478 62 17 13,27/12/2002,VictorChicoine@jourrapide.com,Tingthines,Kahhie4Z,50.444782, 4.53091,
Nicolas Michel, Place Fayat,375,6984,Hives,0498 38 34 35,12/6/1977,NicolasMichel@teleworm.us,Fille1977,ureiC2yu,50.197363, 5.604266,
Platt Berie, Rue de la Brasserie,251,8582,Outrijve,0499 82 07 59,3/12/1963,PlattBerie@teleworm.us,Breventowne63,EiNe6vee5t,50.69921, 3.496248,
Audric LeBatelier, Rue du Bienne,338,3350,Orsmaal-Gussenhoven,0478 64 88 59,19/10/1998,AudricLeBatelier@rhyta.com,Verlable,thaeMaero5g,50.798993, 5.065734,
Agramant Chauvin, Touwslagerstraat,301,1980,Zemst,0481 54 91 16,14/10/1972,AgramantChauvin@jourrapide.com,Lowead,Fais4saev3,50.923964, 4.553454,
Granville Robitaille, Witbakkerstraat,2,3910,Sint-Huibrechts-Lille,0492 22 48 82,18/1/1992,GranvilleRobitaille@dayrep.com,Prepireare,Ui6etooca,51.211307, 5.48995,
Guy Blais, Blancefloerlaan,94,5300,Bonneville,0479 34 52 21,29/10/1950,GuyBlais@teleworm.us,Goleyour50,wohgeemi9O,50.455932, 5.072648,
Wyatt Lévesque, Berkendreef,355,3800,Engelmanshoven,0484 35 91 78,16/2/1985,WyattLevesque@jourrapide.com,Slied1985,eiToin6oo,50.753778, 5.203527,
Guillaume Gaillard, Noordstraat,154,7866,Bois-de-Lessines,0487 29 08 71,29/6/1960,GuillaumeGaillard@rhyta.com,Bettpou,saeTuGe4,50.724665, 3.777439,
Algernon Laderoute, Route de Botrange,34,5630,Soumoy,0495 95 72 42,8/10/1994,AlgernonLaderoute@teleworm.us,Shisho94,Nafook6aexie,50.222801, 4.403169,
Curtis Leduc, Rue de la Tannerie,168,6929,Haut-Fays,0491 78 08 58,14/12/1953,CurtisLeduc@teleworm.us,Aralle,uD5iYu7od,50.008177, 5.02601,
Karel Pinneau, Rue des Laderies,166,6280,Villers-Poterie,0482 17 81 53,17/9/2007,KarelPinneau@rhyta.com,Monstur,Voo0leeshei,50.30321, 4.464473,
Ferrau Boileau, Rue du Presbytère,194,6890,Villance,0491 95 14 40,17/7/1985,FerrauBoileau@dayrep.com,Dockontich1985,za0EsioMai6,50.00278, 5.194054,
Aimé Loiseau, Westdorp,231,3300,Tienen,0482 69 97 67,1/8/1958,AimeLoiseau@teleworm.us,Upose1958,Gaed1ed9N,50.858841, 4.966224,
Archard Beauchamp, Rue Camille Joset,276,7120,Rouveroy,0481 35 59 95,26/4/1988,ArchardBeauchamp@dayrep.com,Mork1988,eimekahN5oh,50.484023, 3.983262,
Pierpont Leclair, Populierenstraat,446,1790,Affligem,0486 57 15 83,27/6/1991,PierpontLeclair@armyspy.com,Sayins,Lah1Ahaicie,50.843475, 4.117284,
Nicholas Bertrand, Rue Grande,66,5555,Baillamont,0470 75 89 66,20/6/1995,NicholasBertrand@armyspy.com,Thadfice,dahLei2ae,49.906081, 5.11931,
Nouel Cyr, Rue du Commerce,341,2323,Wortel,0481 34 54 03,7/8/1991,NouelCyr@jourrapide.com,Peack1991,Ohsaaqui4,51.32993, 4.774614,
Étienne Martin, Drève des Bouleaux,119,9420,Erpe,0493 96 39 42,19/8/1961,EtienneMartin@teleworm.us,Topoicusin,Uque8Uiseg5,50.921951, 3.899092,
Roch Denis, Poolse Winglaan,401,9520,Sint-Lievens-Houtem,0485 16 20 37,10/9/1974,RochDenis@teleworm.us,Undon1974,OquieNgiph8,51.008687, 3.850338,
Ganelon Bourdette, Rue de Liège,94,6840,Longlier,0479 80 78 44,29/8/1987,GanelonBourdette@teleworm.us,Dulthichuraw,aiL8Rai5Esh,49.942864, 5.472461,
Roslyn Grignon, Aven Ackers,190,1390,Bossut-Gottechain,0494 33 72 21,1/12/1972,RoslynGrignon@rhyta.com,Thearchist,ABeich1ch,50.71133, 4.606254,
Gaston Labelle, Rostsestraat,311,6210,Frasnes-lez-Gosselies,0477 33 53 04,21/10/1951,GastonLabelle@armyspy.com,Hattly,soor3ahC,50.528178, 4.383462,
Dominic Rivard, Kerkstraat,9,8800,Beveren,0471 53 54 36,22/11/1959,DominicRivard@teleworm.us,Kintempen,Fo5ohchae,51.01386, 3.19746,
Artus Marleau, Netelaan,172,8510,Kooigem,0484 91 31 88,5/5/1982,ArtusMarleau@teleworm.us,Kinters,ohR5eeQua,50.91402, 3.361149,
Beltane Rouleau, Korte Noordsstraat,469,3770,Val-Meer,0486 75 21 86,27/5/1988,BeltaneRouleau@rhyta.com,Decten88,ahNgobah7,50.84924, 5.532352,
Francis Drouin, Rue du Bois Colau,496,8730,Oedelem,0476 30 20 70,18/7/1995,FrancisDrouin@rhyta.com,Witteplaidep,co2jahZie,51.091429, 3.308864,
Langley Busson, Herentalsebaan,319,1120,Brussel,0495 49 95 53,19/9/1950,LangleyBusson@teleworm.us,Sclows,ij8Teur3,50.831411, 4.393866,
Romain Bousquet, Tiegemberg,106,6717,Tontelange,0470 64 73 16,12/10/1987,RomainBousquet@dayrep.com,Anctinget,ooWeseuf0ee,49.815737, 5.719282,
Tearlach Sirois, Oostjachtpark,11,7141,Carnières,0495 88 63 29,25/6/1950,TearlachSirois@armyspy.com,Toneve,FeiGh1ah,50.466677, 4.33722,
Gilbert Lebel, Tienne à Many,347,5340,Haltinne,0476 69 25 39,2/3/1983,GilbertLebel@dayrep.com,Paing1983,woWevam0ah,50.500272, 5.081081,
Jérôme Grivois, Rue de Sy,202,6140,Fontaine-l'Evêque,0476 76 22 25,20/3/1995,JeromeGrivois@jourrapide.com,Brequir1995,ahSoot3yi,50.438707, 4.327826,
Nouel Bazin, Ringlaan,53,8380,Dudzele,0489 83 21 42,17/5/2000,NouelBazin@teleworm.us,Thopecive,ACei8noi,51.186024, 3.154785,
Garland Beauchamp, Rue de Liège,371,4710,Lontzen,0477 99 78 32,5/5/2007,GarlandBeauchamp@rhyta.com,Anowelf07,Faifan7euz,50.604488, 6.082016,
Montague Michel, Dijkstraat,270,2430,Eindhout,0471 85 73 51,25/1/1993,MontagueMichel@armyspy.com,Crouniontim,Shaet1eing9,51.065605, 5.022397,
Bruno Morel, Chaussée de Wavre,61,6543,Bienne-lez-Happart,0483 16 09 83,15/11/2000,BrunoMorel@armyspy.com,Clis2000,Ebee4Yaep,50.415202, 4.29432,
Senior Bouvier, Rue Dielhère,87,2380,Ravels,0477 61 13 10,29/7/1997,SeniorBouvier@dayrep.com,Resichey,Ohpaich1,51.394365, 5.047791,
Quincy Grandbois, Serenade Opus,320,3890,Vorsen,0488 99 94 93,18/7/1954,QuincyGrandbois@teleworm.us,Morsitens,neigiV7ph,50.771569, 5.280201,
Platt Melanson, Ringlaan,370,3080,Duisburg,0494 89 09 37,18/6/2004,PlattMelanson@jourrapide.com,Prigivers,Thah1Du7Ei,50.878426, 4.488359,
Varden Sanschagrin, Booischotseweg,242,5100,Jambes,0496 64 92 20,29/5/1978,VardenSanschagrin@armyspy.com,Makerve,Oochah6lu3,50.396077, 4.907161,
Donatien Cartier, Heirstraat,167,6987,Marcourt,0474 88 06 50,5/9/1957,DonatienCartier@rhyta.com,Pruch1957,li4Ohmocic,50.302916, 5.597299,
Francis Lamoureux, Aven Ackers,300,6200,Bouffioulx,0473 63 14 95,11/8/1980,FrancisLamoureux@rhyta.com,Poill1980,eoX7QuaSaeN,50.365733, 4.604382,
Amaury Bourdette, Lodorp,112,1360,Malèves-Ste-Marie-Wastines,0492 90 74 51,9/12/1979,AmauryBourdette@rhyta.com,Sainat,otee3Beow,50.693171, 4.854529,
Florismart Racicot, Tiegemberg,158,4670,Trembleur,0487 45 16 59,31/8/1974,FlorismartRacicot@dayrep.com,Cherthem,cah4ic1joeY,50.623479, 5.701227,
Noël Davignon, Rue de Birmingham,59,3290,Diest,0480 64 52 20,9/1/2004,NoelDavignon@armyspy.com,Olike2004,ieGh9Sho5ah,51.070802, 5.114961,
Philippe Lacharité, Rue du Cornet,150,7800,Ath,0476 10 78 78,22/4/1962,PhilippeLacharite@teleworm.us,Yourache,Aid0Wae3iN,50.677588, 3.713695,
Théophile Authier, Grote Baan,491,2460,Kasterlee,0491 11 38 34,6/8/1959,TheophileAuthier@armyspy.com,Hisseepow,ooshos8Aefah,51.301678, 4.956992,
Grégoire Rhéaume, Oostjachtpark,359,6850,Carlsbourg,0484 43 45 59,10/2/1963,GregoireRheaume@teleworm.us,Crue1963,eb6ooth8iYoh,49.873086, 5.142078,
Nicolas Bizier, Stationsstraat,432,1701,Itterbeek,0482 81 46 63,3/5/1965,NicolasBizier@teleworm.us,Quiptair,ooMi8aipee,50.899569, 4.181965,
Éric Carignan, Rue de Fontigny,105,6830,Rochehaut,0492 85 26 85,5/4/1965,EricCarignan@teleworm.us,Famess,aiFooRe5,49.752125, 4.990298,
Ganelon Dupuis, Rue du Château,457,3210,Linden,0476 35 03 12,22/2/1950,GanelonDupuis@teleworm.us,Bescultat,shohJaiTae6cie,50.958403, 4.820521,
Charlot Racicot, Blekersdijk,38,4357,Donceel,0487 30 72 62,7/9/2000,CharlotRacicot@dayrep.com,Siblen,ethu3Aix,50.747428, 5.414696,
Royden Desrosiers, Door Van dijckstraat,263,6811,Bulles,0493 95 89 44,17/12/1959,RoydenDesrosiers@teleworm.us,Heady1959,Cah5aex0,49.638491, 5.355816,
Franck Pinette, Rue Engeland,197,9660,Nederbrakel,0470 34 38 38,24/2/1966,FranckPinette@rhyta.com,Prisperfes,Oefi8quohGh,50.859441, 3.68796,
Valiant Robitaille, Lambrechtstraat,477,6920,Wellin,0479 18 01 26,29/3/1990,ValiantRobitaille@jourrapide.com,Doway1990,Jaesi6roh8,50.113878, 5.019296,
Gaetan Gauvin, Rue des Honnelles,440,2240,Zandhoven,0485 73 71 12,19/7/1990,GaetanGauvin@teleworm.us,Immirty90,Aingee9ie,51.252817, 4.590065,
Antoine Saucier, Serenade Opus,42,2290,Vorselaar,0488 19 44 69,4/7/1989,AntoineSaucier@dayrep.com,Abouldepard89,eiS4EiPhoo,51.173313, 4.75561,
Bernard Blais, Brixtonlaan,110,1450,Chastre,0492 39 41 40,3/12/1967,BernardBlais@teleworm.us,Rill1967,phemoiN9al,50.568843, 4.703089,
Somerville Grivois, Route de Neufchateau,189,5620,Hemptinne-lez-Florennes,0479 41 91 59,21/10/1998,SomervilleGrivois@jourrapide.com,Wive1998,ahtuv3thoNg,50.291463, 4.658527,
Lowell Sabourin, Serenade Opus,444,9120,Vrasene,0470 30 07 54,8/3/1973,LowellSabourin@jourrapide.com,Lincelf,dahk3Ohvai,51.28655, 4.210195,
Grosvenor Poirier, Rue Fouramont,475,4684,Haccourt,0471 74 32 24,31/8/1976,GrosvenorPoirier@teleworm.us,Lanxim,Eedoomee2ai,50.676836, 5.759845,
Donatien Duffet, Rue de Genville,460,7120,Peissant,0474 57 74 49,29/6/1954,DonatienDuffet@armyspy.com,Humpeatered,aengu6Zeeb9,50.346365, 4.154302,
Chapin Fournier, Lange Elzenstraat,354,3960,Bree,0485 23 73 48,25/6/1954,ChapinFournier@armyspy.com,Wirave,nohr6oZaik1,51.24208, 5.590648,
Romain Lagrange, Rue du Bienne,311,1600,Oudenaken,0496 64 46 39,30/10/1963,RomainLagrange@rhyta.com,Wartind,Omee9xeshie,50.841449, 4.22258,
Roslyn Course, Aven Ackers,30,6440,Boussu-lez-Walcourt,0481 84 00 57,7/5/1993,RoslynCourse@rhyta.com,Beentherize,Shei0loogh,50.058088, 4.285489,
Prewitt Cailot, Luchthavenlaan,293,6870,Mirwart,0490 66 15 70,5/3/1974,PrewittCailot@dayrep.com,Thimirse,xu0aeGohmaCh,50.009143, 5.358507,
Aubin Echeverri, Rue de Baras,471,7520,Templeuve,0488 29 55 90,16/2/1996,AubinEcheverri@jourrapide.com,Youltakince,roo3Oogh9,50.57978, 3.303019,
Dominique Bourque, Rue du Pont Simon,168,7811,Arbre,0493 44 93 26,4/12/1963,DominiqueBourque@armyspy.com,Forearephe,maiL1eew,50.570461, 3.82267,
Somerville Guimond, Rue du Vert Galant,230,4350,Pousset,0488 25 32 88,11/2/1976,SomervilleGuimond@armyspy.com,Lumen1976,moy6uNgaeng,50.722748, 5.218272,
Zdenek Jetté, Nieuwe Baan,2,6560,Bersillies-l'Abbaye,0475 23 52 14,8/8/2001,ZdenekJette@armyspy.com,Inke2001,Paizoo4vei,50.246809, 4.145979,
Saber Mouet, Populierenstraat,337,8660,Adinkerke,0485 67 46 63,17/6/1992,SaberMouet@jourrapide.com,Hisir1992,aeh0Hie1eev,51.041522, 2.623028,
Millard Meilleur, Rue du Pont Simon,313,4990,Arbrefontaine,0491 68 72 54,11/2/2006,MillardMeilleur@armyspy.com,Waget2006,ohz3We5pei,50.227686, 5.661809,
Théodore Doiron, Rostsestraat,310,5650,Fraire,0491 25 00 69,19/6/1990,TheodoreDoiron@jourrapide.com,Liff1990,thex9leeWoo,50.260488, 4.559382,
Searlas Leroux, Rue Leval,429,8433,Schore,0478 54 93 66,2/2/1968,SearlasLeroux@armyspy.com,Poreade,No6Boba5fu,51.143761, 2.860985,
Laurent Desrosiers, Dijkstraat,369,3941,Eksel,0479 76 98 01,10/7/1956,LaurentDesrosiers@armyspy.com,Fews1956,tauCh1aing7,51.213424, 5.483225,
Seymour Adler, Putstraat,24,6890,Smuid,0484 59 83 79,10/9/1978,SeymourAdler@rhyta.com,Wens1978,Chaucah9oogh,49.965889, 5.203056,
Charlot L'Heureux, Rue de la Briqueterie,155,3803,Gorsem,0474 15 14 68,13/6/1959,CharlotLHeureux@teleworm.us,Chreash,ievi3Yoh0sh,50.821582, 5.150991,
Vaden Deschênes, Nieuwe Baan,122,4360,Bergilers,0472 73 99 81,2/4/1976,VadenDeschenes@teleworm.us,Mortur,Zu3oi4ahng,50.679777, 5.407032,
D'Arcy Bélanger, Rue de la Sarthe,186,4671,Housse,0493 63 78 57,4/6/1960,DArcyBelanger@rhyta.com,Plualked,aveithie2Ee,50.750808, 5.603546,
Ernest Brunault, Netelaan,458,2500,Koningshooikt,0476 98 09 91,13/12/1987,ErnestBrunault@armyspy.com,Oushe1987,aighae3OhM4,51.05649, 4.570686,
Cloridan Deserres, Rue Libert,493,4520,Wanze,0497 35 11 04,14/7/1953,CloridanDeserres@teleworm.us,Awaseen,aiH8aegiel,50.520931, 5.227476,
Bellamy Lampron, Heuvenstraat,449,9690,Zulzeke,0486 76 54 87,18/12/1962,BellamyLampron@jourrapide.com,Coweressel,Il2chooreZa,50.767501, 3.715291,
Pierre Dodier, Rue du Moulin,392,6856,Fays-les-Veneurs,0484 76 67 12,17/3/1976,PierreDodier@teleworm.us,Thingaing,Vicu8pe6ein,49.805933, 5.149822,
Christien Turgeon, Rue du Centre,468,5680,Matagne-la-Petite,0489 23 22 47,20/4/2002,ChristienTurgeon@rhyta.com,Thell2002,eb9uViBu,50.243616, 4.730557,
Alfred Sabourin, Westdorp,440,4557,Tinlot,0487 55 58 73,18/7/1973,AlfredSabourin@rhyta.com,Thembine,biYeeD4ooZae,50.548715, 5.352587,
Ray St-Pierre, Rue de la Poste,424,7520,Ramegnies-Chin,0497 27 32 12,30/12/1980,RaySt-Pierre@dayrep.com,Buts1980,aeVoh1Xaeca,50.660175, 3.303172,
Carolos Grondin, Rue du Bienne,179,8460,Oudenburg,0496 68 63 23,21/5/1999,CarolosGrondin@rhyta.com,Whange,ieShieR3ph,51.139459, 3.096819,
Amaury de Chateaub, Rue du Chapy,22,3670,Gruitrode,0493 16 01 33,11/4/1996,AmaurydeChateaub@teleworm.us,Hert1996,zut9quahCh,51.14568, 5.515601,
Richard Neufville, Korte Noordsstraat,147,3631,Uikhoven,0496 23 17 58,30/5/1995,RichardNeufville@rhyta.com,Beley1995,ohB9WeezoQu,50.865447, 5.656466,
Archaimbau Audibert, Pierre Delannoyplaats,289,7120,Estinnes,0489 54 15 16,23/12/1998,ArchaimbauAudibert@rhyta.com,Sartury,EYu2aex1o,50.41468, 4.039359,
Rabican Binet, Brixtonlaan,14,5650,Chastrès,0476 80 05 17,1/4/2003,RabicanBinet@rhyta.com,Darphe,hioShe7vup,50.319577, 4.526019,
Millard Lemaître, Kerkstraat,196,1547,Bever,0487 46 73 88,23/6/1983,MillardLemaitre@armyspy.com,Butivene,Auseig1ip2e,51.011627, 4.296526,
Benoît Potvin, Avenue Emile Vandervelde,388,7623,Rongy,0480 40 72 01,15/12/1987,BenoitPotvin@dayrep.com,Affied,ShahRae6m,50.612729, 3.466403,
Talbot Briard, Route de Vonèche,272,5670,Vierves-sur-Viroin,0492 57 16 14,17/6/1961,TalbotBriard@dayrep.com,Forprompary,ooph4ahF3sh,50.062401, 4.694563,
Arthur Langlais, Rue de Berloz,50,1435,Corbais,0473 30 34 06,21/6/1987,ArthurLanglais@jourrapide.com,Wheres,ies3doo1Ch,50.665551, 4.566351,
Marcel Dubeau, Tiegemberg,261,6840,Tournay,0472 25 00 52,7/12/1979,MarcelDubeau@jourrapide.com,Ancesse,Oopeeb8ogh,49.914392, 5.398493,
Peppin Patenaude, Industrieweg,150,6671,Bovigny,0483 68 25 74,2/6/2007,PeppinPatenaude@jourrapide.com,Tookins,eeRaigh8h,50.1808, 5.871226,
Jérôme Deschênes, Rue Fouramont,290,6792,Halanzy,0473 46 84 23,15/2/1960,JeromeDeschenes@teleworm.us,Triated60,Bi4aeng9Fee,49.602573, 5.679991,
Guerin Bonnet, Rue des Ecoles,456,8640,Vleteren,0489 17 42 70,7/5/1976,GuerinBonnet@teleworm.us,Blat1976,eiZu9ela3,51.019348, 2.828213,
Montague Lessard, Rue Haute,470,4801,Stembert,0491 68 00 09,28/3/1981,MontagueLessard@rhyta.com,Cowake81,Cheexohb4,50.666879, 5.904455,
Talon Giroux, Ringlaan,230,3350,Drieslinter,0474 88 47 43,9/2/1985,TalonGiroux@dayrep.com,Boint1985,Ahcei1oagi,50.883041, 5.120902,
Fitz Rocher, Rue de Baras,236,5020,Temploux,0498 27 71 85,1/1/2000,FitzRocher@dayrep.com,Expron,gi4Eizaing,50.499333, 4.769823,
Harbin Maheu, Avenue des Sartiaux,32,7370,Wihéries,0473 63 35 12,26/4/1951,HarbinMaheu@dayrep.com,Relly1951,he0eeChae,50.425588, 3.787125,
Arber Lazure, Herentalsebaan,161,1120,Brussel,0481 82 87 56,18/3/1979,ArberLazure@teleworm.us,Dompen,waeQu7ahpa,50.930207, 4.329017,
Karel Marois, Rue du Centre,307,3742,Martenslinde,0491 50 63 86,16/6/1959,KarelMarois@teleworm.us,Alikee,HoofeeH2ey2,50.786804, 5.431303,
René Pirouet, Rue de la Poste,170,2870,Puurs,0479 93 55 24,17/2/1960,RenePirouet@jourrapide.com,Siquineare1960,vu2tho3joQu,51.002691, 4.251974,
Platt St-Jean, Mandemakersstraat,354,3111,Wezemaal,0488 37 83 66,3/2/1996,PlattSt-Jean@jourrapide.com,Eirchey,eeM2Lu6c,51.025987, 4.705304,
Philip Gregoire, Rue du Bienne,486,8553,Otegem,0484 60 16 30,24/9/1958,PhilipGregoire@dayrep.com,Magaraind,YeaN1Goh,50.762131, 3.4285,
Émile Adler, Hooivelden,306,8500,Kortrijk,0480 52 61 13,12/4/1997,EmileAdler@dayrep.com,Realke1997,Ahph0hig2,50.881727, 3.31891,
Brigliador Duval, Hauwaart,299,7540,Melles,0471 75 46 82,22/5/1955,BrigliadorDuval@dayrep.com,Abires55,zo4aeL6ae,50.647328, 3.465009,
Marlon Guérette, Rue Henri Lambert,308,4920,Harzé,0484 30 25 77,29/1/1961,MarlonGuerette@dayrep.com,Sincing,ogie1eeH,50.460952, 5.737496,
Moore Leclair, Linieweg,395,3650,Lanklaar,0480 30 05 91,27/4/1982,MooreLeclair@jourrapide.com,Girs1982,thuaThohc0h,50.961475, 5.684132,
Courtland Brunault, Poolse Winglaan,160,9830,Sint-Martens-Latem,0491 18 71 83,26/9/1956,CourtlandBrunault@rhyta.com,Ageopy1956,Phohgee0io,51.062537, 3.573935,
Gradasso Deniger, Booischotseweg,111,5580,Jemelle,0477 92 00 33,12/1/1976,GradassoDeniger@jourrapide.com,Besided,raig0xov4Ee,50.214204, 5.296017,
Ernest Picard, Hooivelden,179,4720,Calamine,0470 35 52 16,25/4/1971,ErnestPicard@rhyta.com,Smonstake,iJief0aer,50.378378, 6.098219,
Kerman Riel, Brixtonlaan,189,7903,Chapelle-à-Wattines,0494 59 36 52,18/5/1988,KermanRiel@rhyta.com,Oblett,ceedoo1Oh,50.490102, 3.778207,
Arnou Trottier, Courtensdreef,341,3550,Heusden-Zolder,0479 48 08 26,20/6/1964,ArnouTrottier@jourrapide.com,Ancell,queegeiPh5,51.011439, 5.310201,
Dominique Brisebois, Rue de la Sarthe,468,7110,Houdeng-Aimeries,0489 62 22 23,25/2/1977,DominiqueBrisebois@teleworm.us,Solivocks1977,ohPuch3oh,50.51317, 4.173142,
Gabriel Paradis, Eikstraat,413,4960,Bellevaux-Ligneuville,0476 44 73 26,23/1/1992,GabrielParadis@dayrep.com,Geoppons92,Aephae2shee,50.476145, 6.089527,
Marlon Lessard, Rue de Baras,246,9140,Temse,0490 21 39 45,18/3/1966,MarlonLessard@dayrep.com,Quould66,ephuNg7coo0ph,51.158805, 4.308213,
Xarles Desilets, Rue de la Sarthe,356,7301,Hornu,0484 40 62 34,20/5/1954,XarlesDesilets@armyspy.com,Youtheiges54,ahs1Guve,50.420446, 3.825009,
Roger Therriault, Rue Supexhe,434,9112,Sinaai-Waas,0473 39 82 23,16/3/1951,RogerTherriault@dayrep.com,Gerneve1951,eesi9Iequo4,51.070341, 4.11415,
Gérard Arpin, Putstraat,94,4851,Sippenaeken,0496 19 98 16,13/10/1951,GerardArpin@teleworm.us,Trind1951,thoGh4aeh,50.661802, 6.054525,
Bayard Grimard, Brixtonlaan,498,4654,Charneux,0496 73 42 89,8/11/2004,BayardGrimard@dayrep.com,Teards,aho4Ohp4,50.701666, 5.798623,
Didier Chauvet, Rue du Commerce,92,8630,Wulveringem,0484 83 46 84,30/5/1996,DidierChauvet@armyspy.com,Addermild,Wohng1eesie,51.077755, 2.763161,
Vaden Quiron, Rue des Taillis,103,8830,Gits,0497 23 91 99,17/6/1973,VadenQuiron@teleworm.us,Engand,obaif3Mojoo,50.903009, 3.087591,
Rémy Devoe, Rue de la Briqueterie,2,3380,Glabbeek,0488 35 12 50,3/11/1979,RemyDevoe@rhyta.com,Hicend,is3uthooQui,50.778852, 4.990251,
Jérôme Michaud, Rue Bouhouille,443,2627,Schelle,0484 43 93 72,21/5/1958,JeromeMichaud@dayrep.com,Kinmany58,uo4ieBaes,51.106986, 4.347943,
Xavier Sauvé, Chaussée de Liège,202,5570,Honnay,0496 12 13 56,15/5/1957,XavierSauve@dayrep.com,Satich57,UuC5ieR7Uth,50.225689, 4.908314,
Avent DeGrasse, Rue de Boneffe,127,1421,Ophain-Bois-Seigneur-Isaac,0480 21 84 07,3/8/1980,AventDeGrasse@dayrep.com,Ousce1980,Oraih4bei,50.633514, 4.382799,
Delmar Plourde, Lange Elzenstraat,443,8000,Brugge,0490 27 64 61,26/3/1962,DelmarPlourde@teleworm.us,Gint1962,osh4iekaeC,51.236264, 3.21848,
Orson Bonneville, Rue du Bienne,199,9200,Oudegem,0480 34 74 20,11/1/2003,OrsonBonneville@armyspy.com,Crue2003,Ca0oor9naqu,51.107976, 4.021539,
Manville Charlesbois, Lodewijk De Raetlaan,345,7340,Colfontaine,0490 23 55 24,23/3/1967,ManvilleCharlesbois@jourrapide.com,Saids1967,tho0theeK,50.336119, 3.888717,
Ganelon Huot, Schoolstraat,447,3400,Wange,0498 53 68 07,1/3/1984,GanelonHuot@jourrapide.com,Fifienew,Diequ0fee0ph,50.846852, 5.130084,
William Lanteigne, Avenue Huart Hamoir,149,3440,Budingen,0487 22 94 71,23/1/1989,WilliamLanteigne@teleworm.us,Niand1989,jeiM6Hahch,50.801304, 5.170344,
Florus Fremont, Rue des Buissons,379,2970,Gravenwezel,0475 73 02 78,18/6/1973,FlorusFremont@teleworm.us,Signatich,ai4Teise,51.209115, 4.523407,
Pryor Côté, Schietboompleinstraat,200,1320,L'Ecluse,0474 21 28 56,7/10/1990,PryorCote@rhyta.com,Sught1990,oa3eim8Ahd,50.859561, 4.855088,
Scoville D'Avis, Rue Camille Joset,348,7601,Roucourt,0480 83 56 22,17/11/1999,ScovilleDAvis@armyspy.com,Winvelits,oohoh6Aiya,50.600859, 3.648084,
Bernard Souplet, Rue des Campanules,129,8600,Stuivekenskerke,0489 65 19 90,16/10/1969,BernardSouplet@dayrep.com,Goestoo,Zoxub8ahbae,51.02077, 2.810044,
Martin Souplet, Linieweg,225,6111,Landelies,0497 66 76 31,25/10/1981,MartinSouplet@armyspy.com,Revent,Ahxahgh2ie,50.352615, 4.414036,
Marc LaCaille, Rue Engeland,181,3040,Neerijse,0498 19 79 78,8/11/2004,MarcLaCaille@dayrep.com,Nothereaut,peiY4laec3Oo,50.755143, 4.545589,
Varden Corbeil, Rue de Bouillon,367,6470,Grandrieu,0495 78 91 07,5/9/1989,VardenCorbeil@dayrep.com,Giss1989,eaD1AhSh1J,50.077057, 4.225214,
Senapus Bisaillon, Rue de Fontigny,352,5580,Rochefort,0477 24 43 75,23/6/1996,SenapusBisaillon@armyspy.com,Worstaustany,thei8taeY,50.212895, 5.230158,
Eugène Charbonneau, Rue des Tanneurs,402,9800,Petegem-aan-de-Leie,0471 25 80 99,22/7/1951,EugeneCharbonneau@teleworm.us,Paind1951,Au3ooloj7qu,51.039125, 3.542133,
Jules Beaulieu, Rue de Bouillon,275,4650,Grand-Rechain,0478 16 48 82,13/10/1999,JulesBeaulieu@dayrep.com,Silit1999,ahlaesh5Eo1,50.634485, 5.758494,
William Lizotte, Rue des Laderies,104,4520,Vinalmont,0475 28 17 68,25/10/1993,WilliamLizotte@dayrep.com,Againt1993,Oogai5ho,50.509093, 5.169137,
Robert Lizotte, Rue de Boneffe,256,5550,Orchimont,0477 62 93 33,29/4/1986,RobertLizotte@armyspy.com,Therok,IW8uwoon,49.983849, 5.02181,
Benoît Giguère, Rue du Vert Galant,87,4350,Pousset,0472 32 41 28,26/7/1957,BenoitGiguere@rhyta.com,Fairstionly,ahB4ueToox,50.790099, 5.333328,
Léon Lagrange, Tienne à Many,87,6990,Hampteau,0474 38 63 59,23/4/1978,LeonLagrange@dayrep.com,Trory1978,Uash8aigh5,50.260569, 5.4288,
Florus Barrientos, Eikstraat,91,6672,Beho,0472 99 40 11,17/11/1967,FlorusBarrientos@dayrep.com,Frotte,eZ4iezeith,50.3018, 5.906182,
Ansel Lepage, Bessenveldstraat,74,7750,Mont-de-l'Enclus,0483 96 23 33,14/10/1960,AnselLepage@teleworm.us,Lievaight,aeseiJoov7ee,50.740333, 3.324388,
Fortun Couet, Kerkstraat,206,9120,Beveren-Waas,0481 47 23 49,17/8/1952,FortunCouet@teleworm.us,Stran1952,maeY2eghi,51.1397, 4.368805,
Eustache Bourgeois, Rue du Pont Simon,17,7910,Arc-Wattripont,0471 19 43 37,4/12/1957,EustacheBourgeois@jourrapide.com,Musid1957,Ohh9ahsie,50.481511, 3.667678,
Wyatt Lemelin, Rue des Honnelles,283,8980,Zandvoorde,0481 33 17 59,19/10/1993,WyattLemelin@dayrep.com,Knowarand,TaiThuo5Ie,50.851145, 2.959679,
Leroy Arpin, Witbakkerstraat,292,3910,Sint-Huibrechts-Lille,0492 20 94 17,7/3/2006,LeroyArpin@jourrapide.com,Lingthe06,pa7rohW0Yae,51.222581, 5.414528,
Maslin Lesage, Schoolstraat,25,4980,Wanne,0476 11 31 40,7/2/1983,MaslinLesage@armyspy.com,Harackepard,Aungoh2xu3,50.424522, 5.912751,
Bellamy Riquier, Avenue Emile Vandervelde,103,4257,Rosoux-Crenwick,0493 48 63 91,14/12/2003,BellamyRiquier@armyspy.com,Theyn2003,KaeV0die,50.769366, 5.258725,
Aubrey Charlesbois, Dijkstraat,40,4480,Ehein,0481 14 80 97,16/3/2006,AubreyCharlesbois@rhyta.com,Therong,Aihookeb7pae,50.657174, 5.38531,
Aubin Compagnon, Place Léopold,232,7350,Hensies,0480 25 17 73,5/12/1950,AubinCompagnon@dayrep.com,Expenton,ooyohZeeja8,50.412527, 3.7056,
Antoine Ricard, Sur les Tailles,389,4400,Flémalle,0490 27 41 13,11/1/1956,AntoineRicard@jourrapide.com,Themandiones1956,yu8kaCem,50.617874, 5.339963,
Ignace Landry, Rue du Bois Colau,132,8730,Oedelem,0484 39 08 58,24/10/1972,IgnaceLandry@rhyta.com,Sherid,aim4ezaedohQu,51.253331, 3.325933,
Laurent D'Aoust, Poolse Winglaan,220,9830,Sint-Martens-Latem,0492 74 49 87,8/9/1998,LaurentDAoust@rhyta.com,Explen,nahGahCh2I,50.952062, 3.53535,
Gabriel Desnoyers, Rue du Moulin,228,7387,Fayt-le-Franc,0485 45 68 27,30/4/1971,GabrielDesnoyers@armyspy.com,Forrithas,ue4eiPh2ee,50.326984, 3.571107,
Somer Deblois, Orchideeenlaan,250,6567,Merbes-Sainte-Marie,0480 78 04 82,19/1/1991,SomerDeblois@armyspy.com,Lagnity,rueZ6ei3,50.219705, 4.122944,
Auguste Meunier, Drève des Bouleaux,144,1980,Eppegem,0495 97 49 35,11/8/1950,AugusteMeunier@armyspy.com,Wharned50,saiy6aePaw,51.042284, 4.544684,
Turner LaGarde, Oostjachtpark,140,5550,Chairière,0488 96 08 68,16/4/1962,TurnerLaGarde@dayrep.com,Shing1962,wa9Esai2ch,49.962343, 5.046729,
Henri Brunault, Place Léopold,365,3540,Herk-de-Stad,0490 21 31 76,26/7/1967,HenriBrunault@jourrapide.com,Uponat,uShoo6Vohg,50.972255, 5.086029,
Raymond Meilleur, Lodorp,77,4623,Magnée,0483 41 94 81,31/7/2006,RaymondMeilleur@armyspy.com,Rombeli,ohg8Aceithoo,50.54349, 5.721393,
Jérôme Parenteau, Maskenstraat,82,8420,Klemskerke,0484 51 27 37,28/3/1977,JeromeParenteau@teleworm.us,Ropostelf,zigh2nooThoh,51.261347, 3.098977,
Tristan Fluet, Rue Henri Lambert,147,5540,Hastière,0474 24 61 22,14/6/1982,TristanFluet@jourrapide.com,Humband,iehee1Chai,50.240379, 4.948208,
Michel Desaulniers, Rue du Stade,251,7870,Bauffe,0491 58 37 11,21/5/1994,MichelDesaulniers@armyspy.com,Goic1994,Loogie2Ee,50.647943, 3.999343,
Tristan Beauchamps, Booischotseweg,356,4540,Jehay,0488 53 60 32,9/9/1952,TristanBeauchamps@dayrep.com,Poicheir1952,Ithohghu1oogh,50.580256, 5.430857,
Martin Godin, Rue de Virton,254,4631,Evegnée,0472 50 65 33,7/4/2006,MartinGodin@teleworm.us,Whosent,iep3aiXai4,50.660697, 5.771826,
Quincy Goguen, Rue de Sy,52,4340,Fooz,0498 22 08 53,12/8/1965,QuincyGoguen@armyspy.com,Therok,eiNg8eeph,50.732697, 5.491477,
Rabican Hervé, Rue du Vert Galant,178,5170,Profondeville,0473 54 54 75,9/2/1978,RabicanHerve@dayrep.com,Aftentonvere,eiC6thaewae,50.451898, 4.895367,
Eliot Landry, Rue de Vonêche,168,4460,Grâce-Hollogne,0481 79 88 84,27/1/1988,EliotLandry@armyspy.com,Thark1988,cu9iemooBu,50.595525, 5.467225,
Théophile Proulx, Rue Fosse Piron,176,6460,Salles,0485 19 84 23,19/7/1991,TheophileProulx@rhyta.com,Giou1991,Gequ1eiz,50.024967, 4.298544,
Prewitt Leclerc, Putstraat,355,1700,Sint-Ulriks-Kapelle,0480 58 97 97,3/1/1959,PrewittLeclerc@jourrapide.com,Cored1959,oong3Reich,50.791524, 4.131779,
Melville Narcisse, Place Fayat,92,4351,Hodeige,0472 79 93 31,16/6/1992,MelvilleNarcisse@rhyta.com,Otion1992,cha9Piebieh,50.615774, 5.44445,
Parfait Monrency, Rue du Stade,112,7870,Bauffe,0495 94 89 78,21/8/1971,ParfaitMonrency@dayrep.com,Fident,phiom9eeTh,50.691303, 3.960627,
Aleron Robitaille, Rue de Virton,278,6760,Ethe,0480 38 26 15,19/4/1953,AleronRobitaille@rhyta.com,Grieds,Hutahsheb8,49.595789, 5.554473,
