Inès Maheu, Rue de la Briqueterie,194,5680,Gochenée,0471 37 72 46,14/11/1997,InesMaheu@armyspy.com,Fropmed,aichaeM2Oov,
Estelle Barrière, Heuvenstraat,204,3520,Zonhoven,0484 13 32 09,18/10/1966,EstelleBarriere@teleworm.us,Camen1966,aeW6eewud,
Hélène Chesnay, Tiegemberg,363,6717,Tontelange,0470 66 27 83,19/1/1998,HeleneChesnay@dayrep.com,Drery1998,ko8Wu7oomai,
Moore Rouleau, Rue de Fontigny,495,6460,Robechies,0491 40 18 70,5/12/1954,MooreRouleau@teleworm.us,Urittlethich,Jaethee2Gaih,
Iven Paulet, Rue Haute,172,7090,Steenkerque,0482 95 10 72,7/4/1992,IvenPaulet@armyspy.com,Ansion,ru1Aichoo,
Caresse Phaneuf, Boulevard General Wahis,348,4550,Nandrin,0489 88 89 14,10/5/1998,CaressePhaneuf@teleworm.us,Goodst,elaiD5iey,
Valiant Voisine, Rue Fosse Piron,382,6542,Sars-la-Buissière,0484 64 71 49,8/1/1960,ValiantVoisine@jourrapide.com,Minsou,ejePuQui9a,
Alfred Tanguay, Poolse Winglaan,226,9570,Sint-Maria-Lierde,0483 93 98 39,11/5/1998,AlfredTanguay@rhyta.com,Mandew1998,Ohaiti3aph,
Audrey Vincent, Rue du Thisnes,19,9600,Renaix,0479 82 24 02,16/12/1951,AudreyVincent@teleworm.us,Puress51,Oomee0ieth,
Fusberta Poissonnier, Perksesteenweg,182,5621,Morialmé,0484 11 43 45,2/4/1981,FusbertaPoissonnier@armyspy.com,Buter1981,geeyuePho6Y,
Jeoffroi Deschênes, Rue Jean Lorette,238,6530,Thuin,0478 48 34 22,16/4/1992,JeoffroiDeschenes@teleworm.us,Aling1992,mooFu9jool,
Laure Poissonnier, Herentalsebaan,134,1050,Brussel,0499 89 69 96,9/2/1982,LaurePoissonnier@teleworm.us,Priont1982,zeiZ2eiJ2o,
Clémence Leclair, Poolse Winglaan,286,1750,Sint-Kwintens-Lennik,0492 38 89 62,8/4/1963,ClemenceLeclair@dayrep.com,Acessier,aCahk3pi4ie,
Delmar Metivier, Rue Supexhe,480,8710,Sint-Baafs-Vijve,0490 39 57 22,23/11/1984,DelmarMetivier@armyspy.com,Monstither,paeSh6bae1,
Patricia Lapointe, Rue du Commerce,238,3020,Winksele,0471 57 47 02,10/8/1992,PatriciaLapointe@rhyta.com,Oureshe,ojaeRie0e,
Verney Lafrenière, Taille Maréchal,20,4260,Fumal,0482 79 50 01,1/4/1973,VerneyLafreniere@teleworm.us,Meres1973,aezaTaeG4sh,
Thierry Binet, Rue du Bienne,363,4340,Othée,0489 74 91 88,9/6/1989,ThierryBinet@dayrep.com,Haptaimplay,Dish1ohboo,
Mayhew Abril, Rue du Vert Galant,240,4171,Poulseur,0484 37 07 16,24/5/1980,MayhewAbril@teleworm.us,Wores1980,Ii8yai3iesh,
Élodie Baril, Sur les Tailles,157,4400,Flémalle-Haute,0475 19 67 24,12/8/1964,ElodieBaril@jourrapide.com,Jehing,ooxei2aiLae,
Frédéric Couturier, Rue Fosse Piron,467,4780,Vith,0495 44 65 85,11/7/1975,FredericCouturier@teleworm.us,Gotim1975,aethai7Us,
Eleanor Brousse, Taille Maréchal,480,3450,Geetbets,0496 73 07 77,17/4/1969,EleanorBrousse@teleworm.us,Gayses,eYahxeo4Io2,
Claude Audibert, Industriestraat,423,5020,Daussoulx,0493 61 50 56,7/4/1990,ClaudeAudibert@rhyta.com,Houttlences,ViDah1ie,
Hugh Riquier, Rue Bouhouille,217,9820,Schelderode,0475 23 18 66,25/7/1996,HughRiquier@jourrapide.com,Treasking,aig0ooGei8ah,
Timothée Desaulniers, Rue Libert,13,4219,Wasseiges,0471 33 55 53,10/9/1968,TimotheeDesaulniers@armyspy.com,Loye1968,Moo0ugou1yiM,
Pascal Devost, Hooivelden,102,4720,Calamine,0470 90 37 40,25/1/1984,PascalDevost@rhyta.com,Terefuld,evahPeek7de,
Aubrette Lemieux, Sur les Tailles,458,4530,Fize-Fontaine,0482 71 06 25,7/2/1997,AubretteLemieux@jourrapide.com,Lander,Oosahf7ae,
Germain Barrière, Rue du Monument,336,4430,Ans,0478 95 08 50,11/4/1971,GermainBarriere@teleworm.us,Woothe,gie4Rie5ag,
Galatee Marseau, Route de Botrange,117,5530,Spontin,0485 53 16 83,29/12/1993,GalateeMarseau@rhyta.com,Yousbae,Ohhie7Oom,
Françoise Marier, Heuvenstraat,344,9052,Zwijnaarde,0497 44 50 81,9/2/1970,FrancoiseMarier@armyspy.com,Sookinium1970,zeig8aeHaeth,
Aimé Sicard, Rue Basse,150,4800,Polleur,0489 63 79 91,30/7/1954,AimeSicard@jourrapide.com,Oball1954,xoong3Iw6tae,
Fifine Galarneau, Touwslagerstraat,330,3550,Zolder,0497 76 50 20,31/7/1962,FifineGalarneau@dayrep.com,Traceir,fiFae7ahsh,
Bradamate Rivard, Rue du Bois Colau,281,1380,Ohain,0489 72 80 33,27/8/1988,BradamateRivard@teleworm.us,Flued1988,ohb7Aquib5a,
Adrien Sabourin, Machelsesteenweg,399,1435,Mont-Saint-Guibert,0473 26 66 86,3/6/1978,AdrienSabourin@dayrep.com,Hiseed,jie3aiSh4,
Dorene Des Meaux, Rue du Commerce,104,3350,Wommersom,0475 82 71 90,17/7/2007,DoreneDesMeaux@teleworm.us,Evehist,pheuQuai9,
Xarles Lalonde, Avenue Emile Vandervelde,238,4624,Romsée,0487 62 99 60,20/2/1996,XarlesLalonde@armyspy.com,Somemnisawn,Isheeg0Shai,
France Cousteau, Brixtonlaan,71,4032,Chênée,0487 59 44 77,23/10/1971,FranceCousteau@rhyta.com,Hisems,Ahcho0wie,
Agate Lamoureux, Amerveldstraat,80,5560,Houyet,0495 54 46 02,13/1/1989,AgateLamoureux@teleworm.us,Reludge,xief6Shie,
Vincent Chabot, Kapelaniestraat,405,6500,Leugnies,0471 12 04 58,14/10/1962,VincentChabot@jourrapide.com,Pontleas62,Hus4ohxeeshee,
Chappell Parent, Raas van Gaverestraat,464,5332,Crupet,0477 28 78 67,2/11/1984,ChappellParent@rhyta.com,Withation,iehu0Ohx0,
Thérèse Barteaux, Route de Neufchateau,149,3840,Hendrieken,0496 46 21 09,25/1/2005,ThereseBarteaux@teleworm.us,Otibitepar,aeWi9gahchae,
Ila Saurel, Rue de la Brasserie,166,9500,Overboelare,0487 95 17 30,24/3/2001,IlaSaurel@jourrapide.com,Mazint,moceob2haeX,
Nadine Goudreau, Avenue des Sartiaux,452,7370,Wihéries,0476 41 61 24,18/3/1986,NadineGoudreau@jourrapide.com,Froing,Gev9Mi6uj,
Berangaria Jodoin, Rue de Vonêche,114,6940,Grandhan,0478 69 99 63,13/4/1994,BerangariaJodoin@dayrep.com,Coull1994,phaej5aaK,
Morgana Parenteau, Rue Grande,434,7380,Baisieux,0496 68 76 27,1/1/1991,MorganaParenteau@teleworm.us,Incithe,Ieshi0aeKae,
Dominique Mothé, Rue du Moulin,276,5570,Feschaux,0480 69 93 88,28/5/1960,DominiqueMothe@rhyta.com,Rottleve,Qui7Eiv9,
Ambra Daoust, Route de Baschamps,359,6500,Barbençon,0479 48 67 38,24/5/1989,AmbraDaoust@jourrapide.com,Barre1989,Eef4buuxoo,
Mallory Saindon, Rue des Buissons,231,7610,Rumes,0499 87 44 20,18/3/1974,MallorySaindon@rhyta.com,Threaske,uu1seuD9m,
Eglantine Pouliotte, Booischotseweg,37,4101,Jemeppe-sur-Meuse,0479 18 94 16,2/10/1992,EglantinePouliotte@rhyta.com,Yetrome,the7Reefe,
Parfait Bazin, Courtensdreef,146,4217,Héron,0498 35 48 05,8/4/2007,ParfaitBazin@teleworm.us,Thwithis,too6uD0R,
Armand Gagnon, Rue de Piétrain,48,6717,Nothomb,0479 64 46 45,4/4/1989,ArmandGagnon@armyspy.com,Funition,ou0Ahfaogh3,
Jesper Desroches, Rue de Boneffe,243,9500,Ophasselt,0482 73 45 18,23/9/1960,JesperDesroches@teleworm.us,Knom1960,Oni4He4ie,
Laure Arcouet, Rue de Baras,120,6927,Tellin,0487 96 70 69,28/1/1994,LaureArcouet@teleworm.us,Manday,vahd3ahgooN,
Eugène Richard, Rue du Vert Galant,291,4280,Poucet,0475 26 21 07,22/8/1967,EugeneRichard@teleworm.us,Haddearge,iegh3Aem,
Delphine Proulx, Rue des Campanules,499,8433,St-Pieters-Kapelle,0477 50 28 26,14/9/1978,DelphineProulx@teleworm.us,Accourse,haagh9Th,
Tilly Brault, Rue du Moulin,70,6637,Fauvillers,0486 87 14 23,15/11/1984,TillyBrault@rhyta.com,Thismis,ieShae2da,
Jacqueline Charpie, Rue Libert,359,4520,Wanze,0481 28 40 67,26/7/1955,JacquelineCharpie@armyspy.com,Namint,hiew8Uc0th,
Blanchefle Bonnet, Aven Ackers,498,1390,Bossut-Gottechain,0478 88 60 36,11/5/1987,BlanchefleBonnet@jourrapide.com,Fectilourn,muPh4Imahgae,
Daisi Veilleux, Rue du Bienne,287,8600,Oudekapelle,0497 54 80 00,15/12/1974,DaisiVeilleux@armyspy.com,Martramed74,VeecieB6oo,
William Clément, Luchthavenlaan,220,9220,Moerzeke,0484 19 90 63,12/1/1975,WilliamClement@armyspy.com,Pardow,ieTh1hau,
Christelle Collin, Rue des Honnelles,136,8680,Zande,0482 98 88 11,23/11/1961,ChristelleCollin@dayrep.com,Suber1961,yeil8Aev8ei,
Eugenia Brisette, Rue du Bienne,46,7804,Ostiches,0499 36 17 34,30/4/1992,EugeniaBrisette@teleworm.us,Havesix,boshahY2e,
Leroy Huppé, Rue du Manoir,65,6250,Aiseau-Presles,0492 91 70 05,16/2/1967,LeroyHuppe@teleworm.us,Glearand,Ea6zeichei,
Dominic Leclerc, Avenue Emile Vandervelde,253,5600,Roly,0497 32 74 61,5/5/2000,DominicLeclerc@dayrep.com,Thintaged2000,riu1XeiCh,
Aloin Charpie, Grote Baan,208,1880,Kapelle-op-den-Bos,0491 46 99 77,6/12/1957,AloinCharpie@armyspy.com,Hationest,ohLaPex0h,
Clothilde Jacques, Rue de Sy,276,7830,Fouleng,0476 98 83 29,2/4/1961,ClothildeJacques@rhyta.com,Sarlizies,quiJ3ahShah,
Ancelina Bordeaux, Rue Leval,70,5300,Seilles,0475 20 36 34,6/11/1995,AncelinaBordeaux@jourrapide.com,Hatheince,aebiupahGh2,
Julienne Saurel, Rue de Berloz,107,7910,Cordes,0473 69 41 40,6/11/1951,JulienneSaurel@armyspy.com,Wittled,fae8eiSoh,
Royden Deslauriers, Rue de la Brasserie,430,3321,Outgaarden,0482 54 88 12,26/3/1993,RoydenDeslauriers@rhyta.com,Flepes,Meub1pePh,
Jessamine Lereau, Ringlaan,228,3080,Duisburg,0499 73 88 67,29/3/1980,JessamineLereau@rhyta.com,Haddly,aht9Co4aiz,
Frédérique Bourdette, Hauwaart,481,9630,Meilegem,0494 72 93 23,1/8/1983,FrederiqueBourdette@dayrep.com,Oblett,vaZooge8u,
Bevis Audibert, Rue du Bienne,167,9200,Oudegem,0476 12 88 41,30/6/1950,BevisAudibert@teleworm.us,Thspolies,Iu3Shaih,
Carine Audet, Taille Maréchal,342,1750,Gaasbeek,0477 19 47 50,13/10/1977,CarineAudet@armyspy.com,Thimplutwere1977,eun5ieRuPh,
Sophie Lachance, Putstraat,314,8433,Slijpe,0496 16 06 12,20/8/1977,SophieLachance@jourrapide.com,Wintakephe,woh2Ooqu,
Artus Parenteau, Berkendreef,327,8870,Emelgem,0494 92 51 09,31/1/1981,ArtusParenteau@jourrapide.com,Oplauddly,eeY0iiPhoo,
Leroy Plante, Rue du Manoir,182,6250,Aiseau,0487 48 62 40,31/10/1968,LeroyPlante@teleworm.us,Luctaps,mo9yoXae8,
Joseph Batard, Route de Vonèche,12,6230,Viesville,0492 71 06 37,9/8/1969,JosephBatard@jourrapide.com,Frilyin69,kiegh3Ajo,
Eliot Bienvenue, Rue Fosse Piron,71,5002,Saint-Servais,0484 86 16 91,15/9/1984,EliotBienvenue@dayrep.com,Denestomed,eiquo0Vi1ae,
Clothilde Morel, Avenue Huart Hamoir,34,1501,Buizingen,0478 64 56 73,22/7/2002,ClothildeMorel@dayrep.com,Ingdow,aiboa4Feid,
Claude Ferland, Brixtonlaan,12,4032,Chênée,0497 70 48 28,3/3/1980,ClaudeFerland@dayrep.com,Himentater,GaiFah2Ie,
Comforte Cressac, Raas van Gaverestraat,435,1490,Court-Saint-Etienne,0476 35 78 94,27/2/1978,ComforteCressac@jourrapide.com,Butineened,AhH4an4ee,
Natalie Dumoulin, Rue de Baras,169,1740,Ternat,0498 76 51 28,28/3/1991,NatalieDumoulin@teleworm.us,Firelp,yuom2ic6Ai,
Brigliador Coupart, Rue de la Briqueterie,192,5680,Gochenée,0490 70 28 13,20/7/1988,BrigliadorCoupart@dayrep.com,Formiscrad88,oozohPh7qu,
Avril Rocheleau, Sur les Tailles,372,5620,Florennes,0480 25 30 63,25/12/1969,AvrilRocheleau@armyspy.com,Promeraw,ceiP6ohXah,
Melisande Petrie, Rue du Presbytère,130,6600,Villers-la-Bonne-Eau,0481 30 28 03,15/10/2002,MelisandePetrie@dayrep.com,Whath2002,ahmahS5hesh,
Frédéric Lemaître, Rue de Genville,445,7861,Papignies,0479 52 37 72,19/4/1999,FredericLemaitre@armyspy.com,Groply,aePh6tah5,
Jeoffroi Du Trieux, Populierenstraat,378,8700,Aarsele,0497 42 28 79,15/3/1996,JeoffroiDuTrieux@rhyta.com,Felist,eik4aiChei,
Yolette Therriault, Rue de Birmingham,168,9400,Denderwindeke,0470 96 60 16,22/8/1975,YoletteTherriault@dayrep.com,Wouesed,aa9Mod2p,
Julie Sanschagrin, Amerveldstraat,493,2235,Houtvenne,0490 96 03 74,24/11/1963,JulieSanschagrin@jourrapide.com,Staend,raibaNg0,
Anaïs Bériault, Chaussée de Liège,57,8690,Hoogstade,0472 16 15 96,8/7/1970,AnaisBeriault@dayrep.com,Whicen,WoNgieYoh3o,
Eugène Chicoine, Populierenstraat,120,8511,Aalbeke,0477 39 14 03,29/12/1990,EugeneChicoine@armyspy.com,Fleavermak,wae8ooKi2Fi,
Roland Grandbois, Rostsestraat,395,5504,Foy-Notre-Dame,0474 38 74 67,14/12/2003,RolandGrandbois@jourrapide.com,Hass2003,Iphahyaf4,
Talbot Givry, Rue de Virton,386,5350,Evelette,0486 43 55 39,26/6/1984,TalbotGivry@rhyta.com,Untand,UNgeiwa2ath,
Brice L'Angelier, Rue du Stade,391,9520,Bavegem,0476 21 24 50,20/8/1951,BriceLAngelier@rhyta.com,Heme1951,eiweeSi0eif,
Pierre LaGrande, Molenstraat,423,7060,Soignies,0473 37 71 99,3/6/2000,PierreLaGrande@armyspy.com,Morgivy,AaThie3qu,
Kerman Barrière, Rue des Campanules,373,5060,Tamines,0471 20 81 18,9/12/1986,KermanBarriere@rhyta.com,Appis1986,Theich6n,
Burkett Belisle, Rue Basse,147,6250,Pont-de-Loup,0470 16 81 61,10/5/1973,BurkettBelisle@teleworm.us,Siturls73,xo2eodeeTh,
Karel Laisné, Route de Neufchateau,235,3840,Hendrieken,0492 86 04 46,6/6/1984,KarelLaisne@rhyta.com,Sagang,mai9eeKoh,
Charmaine Deslauriers, Tiegemberg,44,3960,Tongerlo,0489 14 85 27,19/4/1982,CharmaineDeslauriers@teleworm.us,Nufforabing,ohWe7eequ,
Slainie Mercure, Prinsenstraat,89,9880,Lotenhulle,0484 46 44 33,9/12/2000,SlainieMercure@rhyta.com,Fiuman,theer9Aich,
Aurélie Laforest, Korte Noordsstraat,219,4870,Trooz,0495 51 81 57,25/4/1964,AurelieLaforest@teleworm.us,Frefacluste,Iu4oTaimi,
