Fifine Aubin, Rue Grande,471,9890,Baaigem,0493 76 55 86,17/4/1993,FifineAubin@jourrapide.com,Grale1993,Ailoh7roh2,
Parnella Guérette, Rue des Honnelles,368,5530,Yvoir,0499 69 13 34,7/3/1982,ParnellaGuerette@armyspy.com,Bress1982,emahQu7oo,
Pensee Achin, Rue de Fontigny,191,5170,Rivière,0499 33 64 97,14/2/1959,PenseeAchin@dayrep.com,Whord1959,Ahkul6Ahxie,
Odelette D'Aoust, Rue du Manoir,168,6680,Amberloup,0489 48 50 04,12/11/1958,OdeletteDAoust@dayrep.com,Linnot,Chei0EeCh,
Edmee Lamontagne, Rue des Tanneurs,9,5660,Pesche,0487 13 57 48,7/12/1955,EdmeeLamontagne@rhyta.com,Liseld,pho9cair2Oa,
Victorine Barrientos, Rue du Bourgmestre Dandoy,52,1760,Onze-Lieve-Vrouw-Lombeek,0498 69 12 22,1/3/1974,VictorineBarrientos@rhyta.com,Specculp,thoh5ohJa,
Édith Moquin, Rue Bouhouille,260,5070,Sart-Eustache,0472 77 66 66,12/3/1963,EdithMoquin@dayrep.com,Vatte1963,Yah6iejae4sh,
Marveille Cailot, Rue de Genville,457,9661,Parike,0496 23 52 73,28/11/1996,MarveilleCailot@dayrep.com,Tioncy,Os9faesh1ae,
Nicole Duval, Serenade Opus,388,4451,Voroux-lez-Liers,0486 38 85 80,23/7/1990,NicoleDuval@rhyta.com,Ouggialk,feazah3Sh,
Minette Laux, Molenstraat,465,8470,Snaaskerke,0493 94 00 08,7/9/1951,MinetteLaux@teleworm.us,Whiceing,bai5Rul9,
Angelique Royer, Rue du Monument,78,6150,Anderlues,0492 38 17 20,6/10/1968,AngeliqueRoyer@jourrapide.com,Accutudgeted,ahd4eoj7Oo,
Audrey Daoust, Strepestraat,490,6980,Roche-en-Ardenne,0481 28 91 11,30/7/1966,AudreyDaoust@jourrapide.com,Wittinvall1966,aeT9veich,
Patience Patel, Lodewijk De Raetlaan,112,4480,Clermont-sous-Huy,0483 91 46 44,28/11/1979,PatiencePatel@teleworm.us,Thereves,quooWehie0,
Adrien Gareau, Rue du Chapy,127,3840,Groot-Loon,0473 86 49 88,24/8/1967,AdrienGareau@armyspy.com,Theselaus67,Iezooxu1n,
Robinette Pellerin, Hauwaart,486,9090,Melle,0492 72 67 25,4/11/1980,RobinettePellerin@armyspy.com,Fultentreske,baex1Vae,
Suzette Arpin, Tienne à Many,131,3930,Hamont,0484 95 40 97,8/1/1980,SuzetteArpin@armyspy.com,Hicieven,aesa4Aepei,
France Boisclair, Touwslagerstraat,331,3800,Zepperen,0491 32 91 81,4/3/1963,FranceBoisclair@armyspy.com,Behall63,eif0ukae8Th,
Françoise Poirier, Schietboompleinstraat,34,9340,Lede,0472 20 00 97,25/6/1975,FrancoisePoirier@jourrapide.com,Deformse1975,XogaiQu1ee,
Babette Bergeron, Westdorp,374,6637,Tintange,0486 35 89 20,15/9/2000,BabetteBergeron@dayrep.com,Fractiong2000,Iw9shiqu5gi,
Alexandrie Sanschagrin, Sur les Tailles,154,5334,Florée,0493 71 42 90,25/11/1974,AlexandrieSanschagrin@teleworm.us,Whichave,iexo8aeHee,
Inès Reault, Rue Engeland,453,3620,Neerharen,0491 89 33 41,10/1/1950,InesReault@teleworm.us,Ling1950,ahsaech2ohWae,
Zoé Barrette, Passiewijk,211,4608,Neufchâteau,0489 70 34 53,22/2/2007,ZoeBarrette@armyspy.com,Upor2007,Fe5ahpei,
Édith Bernier, Luchthavenlaan,230,6870,Mirwart,0479 85 47 75,5/2/1987,EdithBernier@rhyta.com,Cogne1987,buChu8ziech,
Eleanor D'Aubigné, Rue du Pont Simon,117,7910,Anvaing,0495 16 14 87,21/11/1986,EleanorDAubigne@jourrapide.com,Froade1986,hoh3Ielau3,
Joanna Lemelin, Rue des Honnelles,198,4550,Yernée-Fraineux,0477 98 30 23,3/6/1982,JoannaLemelin@jourrapide.com,Spern1982,Booyoi5nie6,
Madelene Guilmette, Rue du Presbytère,21,1495,Villers-la-Ville,0486 69 20 54,16/7/1998,MadeleneGuilmette@teleworm.us,Ingthere,ua6ohRahw7,
Germaine Dubois, Place Léopold,369,2200,Herentals,0495 20 99 33,7/3/2001,GermaineDubois@jourrapide.com,Hisseamed,AhPaiw5v,
Agnès Mercure, Rue Leval,361,8700,Schuiferskapelle,0491 67 67 23,28/9/1965,AgnesMercure@dayrep.com,Likent,Aifosia0eip,
Charlotte Desnoyer, Rue de la Sarthe,432,7110,Houdeng-Goegnies,0486 18 98 08,14/3/1997,CharlotteDesnoyer@armyspy.com,Complaccese,maij6eS9quoo,
Natalie Berie, Rue du Centre,465,4210,Marneffe,0470 16 57 04,23/11/1950,NatalieBerie@rhyta.com,Cloned,aeVohn6op,
Jewel Latourelle, Rue de la Briqueterie,166,1315,Glimes,0490 38 66 08,22/7/1954,JewelLatourelle@dayrep.com,Awassome,ith8Ne8EiY,
Agathe Bazin, Witbakkerstraat,260,9982,Sint-Jan-in-Eremo,0484 41 21 14,1/9/2001,AgatheBazin@dayrep.com,Anxiousele,Ohrohb5oh,
Claude Desruisseaux, Rue du Manoir,219,8690,Alveringem,0499 79 17 08,5/5/1984,ClaudeDesruisseaux@jourrapide.com,Dompen,mii7alahV1juqu,
Liane Généreux, Machelsesteenweg,478,1435,Mont-Saint-Guibert,0477 27 60 77,25/7/1951,LianeGenereux@armyspy.com,Thentrue,choh5Theiwee,
Joanna Petit, Rostsestraat,467,6800,Freux,0497 71 54 49,19/1/1998,JoannaPetit@rhyta.com,Woulter,aeth2ea8X,
Orane Lebel, Avenue Huart Hamoir,86,9255,Buggenhout,0498 90 20 54,30/5/1955,OraneLebel@armyspy.com,Ropened,OoR2ieng,
Trinette Brousseau, Rue de Piétrain,258,6851,Nollevaux,0497 89 27 21,26/8/1990,TrinetteBrousseau@rhyta.com,Twithering90,Bie8aiWu8oh,
Ancelina Marcil, Industrieweg,68,5500,Bouvignes-sur-Meuse,0482 22 09 12,1/7/1974,AncelinaMarcil@dayrep.com,Froce1974,Shaj4liwe5,
Fantina Courcelle, Avenue des Sartiaux,267,3370,Willebringen,0484 94 15 84,14/10/1996,FantinaCourcelle@teleworm.us,Laiden,xaisheY5,
Ancelote de Chateaub, Bessenveldstraat,351,5580,Mont-Gauthier,0488 74 50 97,24/5/2000,AncelotedeChateaub@armyspy.com,Thromen,shohGh8A,
Luce Courcelle, Putstraat,400,1541,Sint-Pieters-Kapelle,0487 33 46 30,11/1/1994,LuceCourcelle@armyspy.com,Uniont,aimaT3doh8qu,
Oriel Abril, Rue des Tanneurs,297,5600,Philippeville,0475 16 54 45,17/2/1973,OrielAbril@jourrapide.com,Examed,eeGai7Cu,
Eloise Boisclair, Rue de Virton,393,5060,Falisolle,0470 73 40 92,11/1/1954,EloiseBoisclair@rhyta.com,Begadd,Zalies8ahf1x,
Belle Cartier, Rue du Bienne,52,3350,Orsmaal-Gussenhoven,0487 39 28 27,4/6/2003,BelleCartier@teleworm.us,Tiournind,uj5Soocoo,
Mathilde Patry, Strepestraat,406,5550,Laforêt,0470 28 77 73,7/12/1986,MathildePatry@teleworm.us,Tere1986,Thooj3cie,
Eloise Bonsaint, Mandemakersstraat,65,2235,Westmeerbeek,0498 95 25 42,27/10/1985,EloiseBonsaint@teleworm.us,Seuld1985,ieyaK5Ch,
Alacoque Lafrenière, Rue du Commerce,497,8640,Woesten,0470 23 28 16,5/3/1991,AlacoqueLafreniere@rhyta.com,Lour1991,Seehah7ob,
Yolande Fongemie, Lange Elzenstraat,114,5660,Brûly,0498 53 08 60,4/6/1962,YolandeFongemie@teleworm.us,Liker1962,AiZeibie3zoh,
Vignette Aupry, Kerkstraat,95,3740,Beverst,0475 13 01 94,26/6/1994,VignetteAupry@armyspy.com,Hallory,ahGh8cei,
Catherine Chartier, Rue de Virton,493,6740,Etalle,0471 40 53 45,14/3/1950,CatherineChartier@jourrapide.com,Muccalto,chaiTien7ie,
